parking_id,name,capacity,population_5km,estimated_demand,transit_stops_nearby,avg_transit_frequency,avg_walk_distance_m,population_score,demand_score,capacity_score,transit_access_score,transit_frequency_score,proximity_score,composite_score,supply_demand_status,rank
235,"Location (35.0107, -85.1644)",191.0,66977.0,3215,,,,63.67,63.68,5.88,,,,,High Demand - Undersupplied,1
223,"Location (35.0448, -85.3341)",199.0,55697.0,2673,,,,52.95,52.94,6.13,,,,,High Demand - Undersupplied,2
240,"Location (35.1240, -85.3062)",189.0,63904.0,3067,,,,60.75,60.74,5.82,,,,,High Demand - Undersupplied,3
130,"Location (35.1035, -85.3245)",288.0,54457.0,2614,,,,51.77,51.77,8.87,,,,,High Demand - Undersupplied,4
272,"Location (35.0114, -85.1634)",169.0,66977.0,3215,,,,63.67,63.68,5.21,,,,,High Demand - Undersupplied,5
411,"Location (35.1243, -85.3020)",70.0,60645.0,2911,,,,57.65,57.65,2.16,,,,,High Demand - Undersupplied,6
63,"Location (35.0501, -85.1270)",466.0,53325.0,2560,,,,50.69,50.7,14.36,,,,,High Demand - Undersupplied,7
150,"Location (35.1089, -85.2135)",259.0,51804.0,2487,,,,49.25,49.26,7.98,,,,,High Demand - Undersupplied,8
306,"Location (35.1201, -85.3055)",134.0,65777.0,3157,,,,62.53,62.53,4.13,,,,,High Demand - Undersupplied,9
188,"Location (35.1420, -85.2350)",225.0,50068.0,2403,,,,47.6,47.59,6.93,,,,,High Demand - Undersupplied,10
375,"Location (35.0820, -85.0842)",88.0,43931.0,2109,,,,41.76,41.77,2.71,,,,,High Demand - Undersupplied,11
147,"Location (35.1593, -85.1957)",263.0,39814.0,1911,,,,37.85,37.85,8.1,,,,,High Demand - Undersupplied,12
14,"Location (35.1466, -85.2510)",1085.0,57111.0,2741,,,,54.29,54.29,33.43,,,,,High Demand - Undersupplied,13
3,"Location (35.0053, -85.3929)",2747.0,14992.0,720,,,,14.25,14.26,84.63,,,,,Low Demand - Oversupplied,14
43,"Location (35.0740, -85.1042)",548.0,46149.0,2215,,,,43.87,43.87,16.88,,,,,High Demand - Undersupplied,15
124,"Location (35.1105, -85.3209)",293.0,55423.0,2660,,,,52.69,52.68,9.03,,,,,High Demand - Undersupplied,16
105,"Location (35.0069, -85.3905)",327.0,15550.0,746,,,,14.78,14.78,10.07,,,,,High Demand - Undersupplied,17
199,"Location (35.1305, -85.2177)",216.0,47370.0,2274,,,,45.03,45.04,6.65,,,,,High Demand - Undersupplied,18
45,"Location (35.0924, -85.3103)",540.0,59955.0,2878,,,,57.0,57.0,16.64,,,,,High Demand - Undersupplied,19
360,"Location (35.1561, -85.1967)",99.0,38507.0,1848,,,,36.61,36.6,3.05,,,,,High Demand - Undersupplied,20
237,"Location (35.0488, -85.1461)",191.0,65472.0,3143,,,,62.24,62.25,5.88,,,,,High Demand - Undersupplied,21
111,"Location (35.0633, -85.1634)",314.0,54672.0,2624,,,,51.98,51.97,9.67,,,,,High Demand - Undersupplied,22
1,"Location (35.0601, -85.1836)",3246.0,53091.0,2548,,,,50.47,50.47,100.0,,,,,Balanced,23
44,"Location (35.0956, -85.0595)",542.0,35015.0,1681,,,,33.29,33.29,16.7,,,,,High Demand - Undersupplied,24
23,"Location (35.1182, -85.3150)",847.0,59488.0,2855,,,,56.55,56.55,26.09,,,,,High Demand - Undersupplied,25
92,"Location (35.0132, -85.1859)",356.0,70820.0,3399,,,,67.33,67.32,10.97,,,,,High Demand - Undersupplied,26
200,"Location (35.0080, -85.3917)",215.0,15550.0,746,,,,14.78,14.78,6.62,,,,,High Demand - Undersupplied,27
4,"Location (35.0168, -85.2999)",2101.0,87906.0,4219,,,,83.57,83.56,64.73,,,,,High Demand - Undersupplied,28
407,"Location (35.1551, -85.2482)",71.0,51329.0,2464,,,,48.8,48.8,2.19,,,,,High Demand - Undersupplied,29
174,"Location (35.1454, -85.2251)",238.0,46207.0,2218,,,,43.93,43.93,7.33,,,,,High Demand - Undersupplied,30
323,Short Term Lot,118.0,68447.0,3285,,,,65.07,65.06,3.64,,,,,High Demand - Undersupplied,31
208,"Location (35.0842, -85.0707)",210.0,37060.0,1779,,,,35.23,35.23,6.47,,,,,High Demand - Undersupplied,32
342,"Location (35.0199, -85.3403)",108.0,48119.0,2310,,,,45.75,45.75,3.33,,,,,High Demand - Undersupplied,33
190,"Location (35.0162, -85.3838)",221.0,16816.0,807,,,,15.99,15.98,6.81,,,,,High Demand - Undersupplied,34
410,"Location (35.1467, -85.2214)",70.0,49850.0,2393,,,,47.39,47.4,2.16,,,,,High Demand - Undersupplied,35
402,"Location (35.0930, -85.3052)",72.0,60959.0,2926,,,,57.95,57.95,2.22,,,,,High Demand - Undersupplied,36
354,"Location (35.0058, -85.2325)",102.0,91727.0,4403,,,,87.2,87.21,3.14,,,,,High Demand - Undersupplied,37
159,"Location (35.1072, -85.2956)",255.0,65210.0,3130,,,,61.99,61.99,7.86,,,,,High Demand - Undersupplied,38
246,"Location (35.1445, -85.2190)",182.0,49850.0,2393,,,,47.39,47.4,5.61,,,,,High Demand - Undersupplied,39
6,"Location (35.1542, -85.2470)",2043.0,49717.0,2386,,,,47.26,47.26,62.94,,,,,Adequate Demand - Consider Expansion,40
418,"Location (35.0909, -85.0653)",65.0,33074.0,1588,,,,31.44,31.45,2.0,,,,,High Demand - Undersupplied,41
74,"Location (35.0828, -85.0824)",417.0,43931.0,2109,,,,41.76,41.77,12.85,,,,,High Demand - Undersupplied,42
248,Ooltewah High School's Parking Lot #3,181.0,35015.0,1681,,,,33.29,33.29,5.58,,,,,High Demand - Undersupplied,43
314,"Location (35.0871, -85.3372)",127.0,44471.0,2135,,,,42.28,42.29,3.91,,,,,High Demand - Undersupplied,44
280,"Location (35.0587, -85.1503)",166.0,60375.0,2898,,,,57.4,57.4,5.11,,,,,High Demand - Undersupplied,45
346,"Location (35.1409, -85.1748)",107.0,37891.0,1819,,,,36.02,36.03,3.3,,,,,High Demand - Undersupplied,46
177,"Location (35.0603, -85.1866)",234.0,54618.0,2622,,,,51.92,51.93,7.21,,,,,High Demand - Undersupplied,47
186,"Location (35.0817, -85.0863)",226.0,43931.0,2109,,,,41.76,41.77,6.96,,,,,High Demand - Undersupplied,48
234,"Location (35.1073, -85.2372)",191.0,59370.0,2850,,,,56.44,56.45,5.88,,,,,High Demand - Undersupplied,49
102,"Location (35.0059, -85.3898)",336.0,16436.0,789,,,,15.63,15.63,10.35,,,,,High Demand - Undersupplied,50
163,"Location (35.0142, -85.1878)",251.0,69235.0,3323,,,,65.82,65.82,7.73,,,,,High Demand - Undersupplied,51
413,"Location (35.0341, -85.2065)",69.0,76458.0,3670,,,,72.69,72.69,2.13,,,,,High Demand - Undersupplied,52
64,"Location (35.0302, -85.2171)",465.0,75093.0,3604,,,,71.39,71.38,14.33,,,,,High Demand - Undersupplied,53
167,"Location (35.0087, -85.3899)",248.0,15550.0,746,,,,14.78,14.78,7.64,,,,,High Demand - Undersupplied,54
424,"Location (35.1284, -85.1973)",61.0,42196.0,2025,,,,40.11,40.11,1.88,,,,,High Demand - Undersupplied,55
143,"Location (35.0526, -85.1851)",270.0,56995.0,2736,,,,54.18,54.19,8.32,,,,,High Demand - Undersupplied,56
139,"Location (35.1081, -85.2368)",278.0,59370.0,2850,,,,56.44,56.45,8.56,,,,,High Demand - Undersupplied,57
146,"Location (35.0069, -85.3887)",265.0,16436.0,789,,,,15.63,15.63,8.16,,,,,High Demand - Undersupplied,58
428,"Location (35.1095, -85.2188)",59.0,54401.0,2611,,,,51.72,51.71,1.82,,,,,High Demand - Undersupplied,59
296,"Location (35.0075, -85.3910)",148.0,15550.0,746,,,,14.78,14.78,4.56,,,,,High Demand - Undersupplied,60
288,"Location (35.1208, -85.2904)",156.0,67234.0,3227,,,,63.92,63.91,4.81,,,,,High Demand - Undersupplied,61
109,"Location (35.1148, -85.2930)",320.0,66961.0,3214,,,,63.66,63.66,9.86,,,,,High Demand - Undersupplied,62
442,"Location (35.1080, -85.2169)",53.0,53548.0,2570,,,,50.91,50.9,1.63,,,,,High Demand - Undersupplied,63
89,"Location (35.0092, -85.3859)",367.0,16586.0,796,,,,15.77,15.77,11.31,,,,,High Demand - Undersupplied,64
66,"Location (35.0081, -85.3889)",448.0,15550.0,746,,,,14.78,14.78,13.8,,,,,High Demand - Undersupplied,65
325,"Location (35.1342, -85.2822)",117.0,58936.0,2829,,,,56.03,56.03,3.6,,,,,High Demand - Undersupplied,66
241,"Location (35.0564, -85.1259)",189.0,51597.0,2477,,,,49.05,49.06,5.82,,,,,High Demand - Undersupplied,67
39,"Location (35.1830, -85.2430)",563.0,44222.0,2123,,,,42.04,42.05,17.34,,,,,High Demand - Undersupplied,68
228,"Location (35.0604, -85.1544)",197.0,54765.0,2629,,,,52.06,52.07,6.07,,,,,High Demand - Undersupplied,69
335,"Location (35.1103, -85.2954)",112.0,65210.0,3130,,,,61.99,61.99,3.45,,,,,High Demand - Undersupplied,70
168,"Location (35.1183, -85.2786)",244.0,62507.0,3000,,,,59.42,59.42,7.52,,,,,High Demand - Undersupplied,71
379,"Location (35.0839, -85.0634)",88.0,33074.0,1588,,,,31.44,31.45,2.71,,,,,High Demand - Undersupplied,72
26,"Location (35.1160, -85.2772)",786.0,60736.0,2915,,,,57.74,57.73,24.21,,,,,High Demand - Undersupplied,73
330,"Location (35.0257, -85.2176)",114.0,82825.0,3976,,,,78.74,78.75,3.51,,,,,High Demand - Undersupplied,74
101,"Location (35.0631, -85.1917)",338.0,56813.0,2727,,,,54.01,54.01,10.41,,,,,High Demand - Undersupplied,75
397,"Location (35.0823, -85.0584)",74.0,30763.0,1477,,,,29.25,29.25,2.28,,,,,High Demand - Undersupplied,76
437,"Location (35.0566, -85.1256)",57.0,51597.0,2477,,,,49.05,49.06,1.76,,,,,High Demand - Undersupplied,77
276,"Location (35.1002, -85.1353)",167.0,41859.0,2009,,,,39.79,39.79,5.14,,,,,High Demand - Undersupplied,78
209,"Location (35.0575, -85.1258)",208.0,51597.0,2477,,,,49.05,49.06,6.41,,,,,High Demand - Undersupplied,79
452,"Location (35.1537, -85.2483)",51.0,51012.0,2449,,,,48.5,48.5,1.57,,,,,High Demand - Undersupplied,80
264,"Location (35.1193, -85.2882)",174.0,65262.0,3133,,,,62.04,62.05,5.36,,,,,High Demand - Undersupplied,81
251,"Location (35.0911, -85.0611)",180.0,35843.0,1720,,,,34.07,34.07,5.55,,,,,High Demand - Undersupplied,82
350,"Location (35.0904, -85.0655)",105.0,33074.0,1588,,,,31.44,31.45,3.23,,,,,High Demand - Undersupplied,83
192,"Location (35.0966, -85.2197)",220.0,49163.0,2360,,,,46.74,46.74,6.78,,,,,High Demand - Undersupplied,84
450,"Location (35.1269, -85.2158)",51.0,48104.0,2309,,,,45.73,45.73,1.57,,,,,High Demand - Undersupplied,85
273,"Location (35.1149, -85.2919)",169.0,66961.0,3214,,,,63.66,63.66,5.21,,,,,High Demand - Undersupplied,86
393,"Location (35.0915, -85.0651)",77.0,35843.0,1720,,,,34.07,34.07,2.37,,,,,High Demand - Undersupplied,87
203,Rental Car Lot,213.0,68447.0,3285,,,,65.07,65.06,6.56,,,,,High Demand - Undersupplied,88
334,"Location (35.1127, -85.2054)",112.0,48789.0,2342,,,,46.38,46.39,3.45,,,,,High Demand - Undersupplied,89
51,Publix Parking Lot,502.0,33074.0,1588,,,,31.44,31.45,15.47,,,,,High Demand - Undersupplied,90
50,"Location (35.0094, -85.3878)",515.0,15550.0,746,,,,14.78,14.78,15.87,,,,,Adequate Demand - Consider Expansion,91
316,"Location (35.0818, -85.0849)",124.0,43931.0,2109,,,,41.76,41.77,3.82,,,,,High Demand - Undersupplied,92
430,"Location (35.0120, -85.1584)",59.0,66275.0,3181,,,,63.01,63.0,1.82,,,,,High Demand - Undersupplied,93
194,"Location (35.1413, -85.2302)",219.0,48833.0,2344,,,,46.42,46.43,6.75,,,,,High Demand - Undersupplied,94
386,"Location (35.0425, -85.1978)",85.0,74145.0,3559,,,,70.49,70.49,2.62,,,,,High Demand - Undersupplied,95
114,"Location (35.0822, -85.3207)",306.0,62535.0,3002,,,,59.45,59.46,9.43,,,,,High Demand - Undersupplied,96
155,"Location (35.0186, -85.1714)",256.0,66141.0,3175,,,,62.88,62.88,7.89,,,,,High Demand - Undersupplied,97
409,"Location (35.1526, -85.2421)",70.0,46695.0,2241,,,,44.39,44.39,2.16,,,,,High Demand - Undersupplied,98
286,"Location (35.0664, -85.1259)",159.0,49260.0,2364,,,,46.83,46.82,4.9,,,,,High Demand - Undersupplied,99
438,"Location (35.1021, -85.2307)",56.0,52455.0,2518,,,,49.87,49.87,1.73,,,,,High Demand - Undersupplied,100
454,"Location (35.0506, -85.1328)",50.0,57023.0,2737,,,,54.21,54.21,1.54,,,,,High Demand - Undersupplied,101
329,"Location (35.0448, -85.3571)",115.0,32084.0,1540,,,,30.5,30.5,3.54,,,,,High Demand - Undersupplied,102
62,"Location (35.1383, -85.2797)",469.0,57687.0,2769,,,,54.84,54.84,14.45,,,,,High Demand - Undersupplied,103
299,"Location (35.1287, -85.2139)",145.0,46288.0,2222,,,,44.0,44.01,4.47,,,,,High Demand - Undersupplied,104
204,"Location (35.0126, -85.1632)",212.0,66977.0,3215,,,,63.67,63.68,6.53,,,,,High Demand - Undersupplied,105
94,"Location (35.0958, -85.2230)",351.0,49163.0,2360,,,,46.74,46.74,10.81,,,,,High Demand - Undersupplied,106
312,"Location (35.0608, -85.1881)",131.0,57230.0,2747,,,,54.41,54.41,4.04,,,,,High Demand - Undersupplied,107
318,"Location (35.1511, -85.2485)",121.0,51012.0,2449,,,,48.5,48.5,3.73,,,,,High Demand - Undersupplied,108
80,"Location (35.0309, -85.3631)",399.0,24892.0,1195,,,,23.66,23.67,12.29,,,,,High Demand - Undersupplied,109
8,"Location (35.1481, -85.2070)",1268.0,44309.0,2127,,,,42.12,42.13,39.06,,,,,High Demand - Undersupplied,110
129,"Location (35.0129, -85.1886)",288.0,71302.0,3422,,,,67.78,67.78,8.87,,,,,High Demand - Undersupplied,111
216,"Location (35.0953, -85.0624)",205.0,35015.0,1681,,,,33.29,33.29,6.32,,,,,High Demand - Undersupplied,112
353,"Location (35.1099, -85.2164)",103.0,50488.0,2423,,,,48.0,47.99,3.17,,,,,High Demand - Undersupplied,113
68,"Location (35.0124, -85.1897)",445.0,76229.0,3659,,,,72.47,72.47,13.71,,,,,High Demand - Undersupplied,114
55,"Location (35.0053, -85.1493)",494.0,66643.0,3199,,,,63.36,63.36,15.22,,,,,High Demand - Undersupplied,115
170,"Location (35.1357, -85.2813)",243.0,57687.0,2769,,,,54.84,54.84,7.49,,,,,High Demand - Undersupplied,116
184,"Location (35.0620, -85.1926)",227.0,55869.0,2682,,,,53.11,53.12,6.99,,,,,High Demand - Undersupplied,117
100,"Location (35.0668, -85.2066)",338.0,51571.0,2475,,,,49.03,49.02,10.41,,,,,High Demand - Undersupplied,118
278,"Location (35.1455, -85.2208)",167.0,49850.0,2393,,,,47.39,47.4,5.14,,,,,High Demand - Undersupplied,119
78,"Location (35.0980, -85.3290)",405.0,54350.0,2609,,,,51.67,51.67,12.48,,,,,High Demand - Undersupplied,120
164,"Location (35.0823, -85.0555)",251.0,30763.0,1477,,,,29.25,29.25,7.73,,,,,High Demand - Undersupplied,121
440,"Location (35.1558, -85.2481)",55.0,51329.0,2464,,,,48.8,48.8,1.69,,,,,High Demand - Undersupplied,122
19,Long Term Lot 2,874.0,71711.0,3442,,,,68.17,68.17,26.93,,,,,High Demand - Undersupplied,123
398,"Location (35.0925, -85.3044)",73.0,67013.0,3217,,,,63.71,63.72,2.25,,,,,High Demand - Undersupplied,124
221,"Location (35.1126, -85.3250)",201.0,53265.0,2557,,,,50.64,50.64,6.19,,,,,High Demand - Undersupplied,125
319,"Location (35.1221, -85.3072)",120.0,67174.0,3224,,,,63.86,63.85,3.7,,,,,High Demand - Undersupplied,126
107,"Location (35.0129, -85.1873)",321.0,70480.0,3383,,,,67.0,67.0,9.89,,,,,High Demand - Undersupplied,127
396,"Location (35.0201, -85.3403)",74.0,48119.0,2310,,,,45.75,45.75,2.28,,,,,High Demand - Undersupplied,128
112,"Location (35.0343, -85.2190)",314.0,76713.0,3682,,,,72.93,72.93,9.67,,,,,High Demand - Undersupplied,129
432,"Location (35.0532, -85.1858)",58.0,56995.0,2736,,,,54.18,54.19,1.79,,,,,High Demand - Undersupplied,130
340,"Location (35.0433, -85.1403)",108.0,61162.0,2936,,,,58.14,58.15,3.33,,,,,High Demand - Undersupplied,131
181,"Location (35.1450, -85.2380)",229.0,48813.0,2343,,,,46.41,46.41,7.05,,,,,High Demand - Undersupplied,132
281,"Location (35.0591, -85.1535)",166.0,59691.0,2865,,,,56.75,56.74,5.11,,,,,High Demand - Undersupplied,133
189,"Location (35.0583, -85.1248)",223.0,51597.0,2477,,,,49.05,49.06,6.87,,,,,High Demand - Undersupplied,134
333,"Location (35.1408, -85.2294)",113.0,47266.0,2269,,,,44.93,44.94,3.48,,,,,High Demand - Undersupplied,135
332,"Location (35.1218, -85.2935)",113.0,67792.0,3254,,,,64.45,64.45,3.48,,,,,High Demand - Undersupplied,136
348,"Location (35.0184, -85.3377)",106.0,50896.0,2443,,,,48.39,48.39,3.27,,,,,High Demand - Undersupplied,137
40,Brainerd Hills Baptist Church,550.0,71523.0,3433,,,,67.99,67.99,16.94,,,,,High Demand - Undersupplied,138
153,"Location (35.1194, -85.2907)",256.0,67792.0,3254,,,,64.45,64.45,7.89,,,,,High Demand - Undersupplied,139
361,"Location (35.0821, -85.0836)",99.0,43931.0,2109,,,,41.76,41.77,3.05,,,,,High Demand - Undersupplied,140
304,"Location (35.0833, -85.0578)",136.0,31688.0,1521,,,,30.12,30.12,4.19,,,,,High Demand - Undersupplied,141
83,Ooltewah High School's Parking Lot #1,390.0,35015.0,1681,,,,33.29,33.29,12.01,,,,,High Demand - Undersupplied,142
391,"Location (35.0350, -85.2069)",78.0,74992.0,3600,,,,71.29,71.3,2.4,,,,,High Demand - Undersupplied,143
337,"Location (35.0483, -85.3062)",111.0,79289.0,3806,159.0,151.0,525.0,75.38,75.38,3.42,100.0,81.68,32.61,67.72,High Demand - Undersupplied,144
417,"Location (35.0476, -85.3068)",65.0,76680.0,3681,156.0,154.0,498.0,72.9,72.91,2.0,98.11,82.94,35.99,66.89,High Demand - Undersupplied,145
358,"Location (35.0465, -85.3051)",100.0,79905.0,3835,153.0,150.0,528.0,75.96,75.96,3.08,96.23,81.08,32.24,66.74,High Demand - Undersupplied,146
389,"Location (35.0468, -85.3080)",82.0,74325.0,3568,155.0,152.0,476.0,70.66,70.67,2.53,97.48,82.06,38.92,66.26,High Demand - Undersupplied,147
205,"Location (35.0463, -85.3041)",210.0,81536.0,3914,141.0,155.0,539.0,77.51,77.52,6.47,88.68,83.66,30.77,66.2,High Demand - Undersupplied,148
415,"Location (35.0439, -85.3057)",67.0,81546.0,3914,131.0,161.0,457.0,77.52,77.52,2.06,82.39,86.88,41.3,65.67,High Demand - Undersupplied,149
61,"Location (35.0417, -85.3073)",470.0,77178.0,3705,138.0,144.0,476.0,73.37,73.38,14.48,86.79,77.76,38.91,65.33,High Demand - Undersupplied,150
320,"Location (35.0453, -85.3062)",120.0,77038.0,3698,138.0,158.0,462.0,73.24,73.24,3.7,86.79,85.11,40.65,65.31,High Demand - Undersupplied,151
313,"Location (35.0429, -85.3052)",130.0,80768.0,3877,132.0,158.0,488.0,76.78,76.79,4.0,83.02,85.38,37.33,65.2,High Demand - Undersupplied,152
308,"Location (35.0493, -85.3052)",131.0,80844.0,3881,143.0,148.0,540.0,76.86,76.87,4.04,89.94,79.88,30.67,65.19,High Demand - Undersupplied,153
305,"Location (35.0463, -85.3099)",136.0,72000.0,3456,141.0,159.0,448.0,68.45,68.45,4.19,88.68,85.79,42.47,64.74,High Demand - Undersupplied,154
338,"Location (35.0437, -85.3047)",111.0,81546.0,3914,126.0,160.0,481.0,77.52,77.52,3.42,79.25,86.55,38.26,64.72,High Demand - Undersupplied,155
295,"Location (35.0444, -85.3099)",148.0,72000.0,3456,134.0,159.0,431.0,68.45,68.45,4.56,84.28,85.94,44.66,63.94,High Demand - Undersupplied,156
435,"Location (35.0490, -85.3042)",57.0,81460.0,3910,144.0,138.0,569.0,77.44,77.44,1.76,90.57,74.57,26.96,63.75,High Demand - Undersupplied,157
382,"Location (35.0484, -85.3041)",87.0,79905.0,3835,142.0,142.0,560.0,75.96,75.96,2.68,89.31,76.61,28.1,63.65,High Demand - Undersupplied,158
403,"Location (35.0458, -85.3032)",71.0,81536.0,3914,134.0,146.0,556.0,77.51,77.52,2.19,84.28,78.62,28.59,63.24,High Demand - Undersupplied,159
456,"Location (35.0488, -85.3039)",50.0,81460.0,3910,142.0,137.0,574.0,77.44,77.44,1.54,89.31,73.88,26.29,63.2,High Demand - Undersupplied,160
364,"Location (35.0457, -85.3027)",96.0,80413.0,3860,135.0,147.0,576.0,76.45,76.45,2.96,84.91,79.44,25.99,63.09,High Demand - Undersupplied,161
252,"Location (35.0477, -85.3121)",180.0,72863.0,3497,137.0,153.0,516.0,69.27,69.26,5.55,86.16,82.28,33.71,62.98,High Demand - Undersupplied,162
451,"Location (35.0410, -85.3059)",51.0,80644.0,3871,133.0,142.0,512.0,76.67,76.67,1.57,83.65,76.42,34.31,62.86,High Demand - Undersupplied,163
310,Unum,131.0,79547.0,3818,133.0,143.0,544.0,75.62,75.62,4.04,83.65,77.01,30.16,62.62,High Demand - Undersupplied,164
345,"Location (35.0503, -85.3088)",107.0,71952.0,3454,123.0,165.0,441.0,68.4,68.41,3.3,77.36,88.89,43.36,62.47,High Demand - Undersupplied,165
290,"Location (35.0503, -85.3092)",154.0,70397.0,3379,122.0,165.0,437.0,66.92,66.92,4.74,76.73,88.98,43.92,62.16,High Demand - Undersupplied,166
113,"Location (35.0468, -85.3023)",307.0,81536.0,3914,132.0,131.0,592.0,77.51,77.52,9.46,83.02,70.62,24.01,61.95,High Demand - Undersupplied,167
453,"Location (35.0450, -85.3115)",51.0,72000.0,3456,129.0,155.0,467.0,68.45,68.45,1.57,81.13,83.67,40.08,61.79,High Demand - Undersupplied,168
328,"Location (35.0452, -85.3124)",115.0,71310.0,3423,134.0,153.0,519.0,67.79,67.8,3.54,84.28,82.52,33.3,61.77,High Demand - Undersupplied,169
292,"Location (35.0443, -85.3118)",152.0,71222.0,3419,130.0,153.0,484.0,67.71,67.72,4.68,81.76,82.27,37.82,61.69,High Demand - Undersupplied,170
425,"Location (35.0407, -85.3074)",60.0,77178.0,3705,128.0,143.0,476.0,73.37,73.38,1.85,80.5,76.91,38.92,61.69,High Demand - Undersupplied,171
434,"Location (35.0463, -85.3123)",58.0,72175.0,3464,133.0,152.0,510.0,68.61,68.61,1.79,83.65,82.06,34.57,61.63,High Demand - Undersupplied,172
363,"Location (35.0497, -85.3039)",99.0,80622.0,3870,134.0,128.0,574.0,76.64,76.65,3.05,84.28,69.06,26.23,60.96,High Demand - Undersupplied,173
298,"Location (35.0400, -85.3066)",147.0,78104.0,3749,125.0,136.0,502.0,74.25,74.25,4.53,78.62,73.17,35.53,60.8,High Demand - Undersupplied,174
448,"Location (35.0480, -85.3132)",52.0,72001.0,3456,123.0,158.0,540.0,68.45,68.45,1.6,77.36,85.23,30.61,60.22,High Demand - Undersupplied,175
383,"Location (35.0446, -85.3130)",87.0,70532.0,3386,126.0,152.0,523.0,67.05,67.06,2.68,79.25,81.84,32.89,59.99,High Demand - Undersupplied,176
283,"Location (35.0485, -85.3134)",165.0,72001.0,3456,116.0,160.0,538.0,68.45,68.45,5.08,72.96,86.21,30.85,59.86,High Demand - Undersupplied,177
449,"Location (35.0507, -85.3113)",51.0,69237.0,3323,104.0,171.0,433.0,65.82,65.82,1.57,65.41,92.4,44.41,59.25,High Demand - Undersupplied,178
406,"Location (35.0507, -85.3050)",71.0,77844.0,3737,118.0,138.0,523.0,74.0,74.01,2.19,74.21,74.39,32.91,59.25,High Demand - Undersupplied,179
367,"Location (35.0508, -85.3045)",95.0,77844.0,3737,117.0,140.0,540.0,74.0,74.01,2.93,73.58,75.59,30.63,59.22,High Demand - Undersupplied,180
381,"Location (35.0495, -85.3031)",87.0,79757.0,3828,123.0,130.0,581.0,75.82,75.82,2.68,77.36,69.99,25.39,59.02,High Demand - Undersupplied,181
125,"Location (35.0516, -85.3070)",292.0,73839.0,3544,105.0,143.0,449.0,70.2,70.19,9.0,66.04,77.25,42.31,58.6,High Demand - Undersupplied,182
419,"Location (35.0493, -85.3135)",65.0,70841.0,3400,107.0,166.0,528.0,67.35,67.34,2.0,67.3,89.61,32.18,58.47,High Demand - Undersupplied,183
242,"Location (35.0389, -85.3084)",188.0,74638.0,3583,114.0,134.0,484.0,70.96,70.96,5.79,71.7,72.06,37.86,58.28,High Demand - Undersupplied,184
422,"Location (35.0512, -85.3101)",63.0,70792.0,3398,102.0,154.0,399.0,67.3,67.3,1.94,64.15,83.13,48.81,58.03,High Demand - Undersupplied,185
404,"Location (35.0420, -85.3024)",71.0,79475.0,3815,112.0,132.0,562.0,75.55,75.56,2.19,70.44,71.28,27.85,57.65,High Demand - Undersupplied,186
321,"Location (35.0476, -85.3019)",119.0,81536.0,3914,116.0,120.0,581.0,77.51,77.52,3.67,72.96,64.73,25.39,57.53,High Demand - Undersupplied,187
267,"Location (35.0507, -85.3124)",173.0,69237.0,3323,94.0,166.0,450.0,65.82,65.82,5.33,59.12,89.34,42.27,57.42,High Demand - Undersupplied,188
211,"Location (35.0503, -85.3132)",207.0,69672.0,3344,99.0,161.0,506.0,66.24,66.23,6.38,62.26,86.91,35.06,57.28,High Demand - Undersupplied,189
25,"Location (35.0486, -85.3163)",794.0,69973.0,3359,85.0,170.0,627.0,66.52,66.53,24.46,53.46,91.59,19.45,57.25,High Demand - Undersupplied,190
331,"Location (35.0399, -85.3122)",114.0,71190.0,3417,112.0,140.0,524.0,67.68,67.68,3.51,70.44,75.77,32.73,56.87,High Demand - Undersupplied,191
157,"Location (35.0387, -85.3114)",255.0,71268.0,3421,104.0,140.0,506.0,67.75,67.76,7.86,65.41,75.63,35.07,56.49,High Demand - Undersupplied,192
249,"Location (35.0405, -85.3140)",181.0,71190.0,3417,104.0,150.0,569.0,67.68,67.68,5.58,65.41,80.92,26.98,56.37,High Demand - Undersupplied,193
106,"Location (35.0463, -85.3161)",324.0,71307.0,3423,85.0,172.0,602.0,67.79,67.8,9.98,53.46,93.01,22.67,56.07,High Demand - Undersupplied,194
137,"Location (35.0505, -85.3152)",281.0,70841.0,3400,86.0,161.0,589.0,67.35,67.34,8.66,54.09,86.75,24.43,54.81,High Demand - Undersupplied,195
108,"Location (35.0480, -85.2928)",320.0,87760.0,4212,47.0,151.0,456.0,83.43,83.42,9.86,29.56,81.2,41.39,54.28,High Demand - Undersupplied,196
191,"Location (35.0469, -85.2948)",220.0,86596.0,4157,63.0,140.0,515.0,82.32,82.33,6.78,39.62,75.5,33.93,54.12,High Demand - Undersupplied,197
255,"Location (35.0490, -85.2944)",179.0,85444.0,4101,51.0,151.0,471.0,81.23,81.22,5.51,32.08,81.7,39.56,53.51,High Demand - Undersupplied,198
431,48,59.0,82121.0,3942,96.0,104.0,559.0,78.07,78.07,1.82,60.38,56.3,28.18,52.87,High Demand - Undersupplied,199
18,"Location (35.0379, -85.3148)",881.0,67835.0,3256,74.0,142.0,586.0,64.49,64.49,27.14,46.54,76.46,24.76,52.82,High Demand - Undersupplied,200
224,"Location (35.0470, -85.2966)",198.0,82551.0,3962,67.0,133.0,513.0,78.48,78.47,6.1,42.14,71.66,34.17,52.74,High Demand - Undersupplied,201
341,"Location (35.0373, -85.3118)",108.0,71268.0,3421,88.0,132.0,508.0,67.75,67.76,3.33,55.35,71.36,34.75,52.41,High Demand - Undersupplied,202
322,"Location (35.0542, -85.3069)",118.0,72460.0,3478,79.0,139.0,490.0,68.89,68.88,3.64,49.69,74.96,37.03,52.33,High Demand - Undersupplied,203
385,"Location (35.0453, -85.2959)",85.0,83716.0,4018,75.0,124.0,557.0,79.59,79.58,2.62,47.17,66.73,28.46,52.25,High Demand - Undersupplied,204
287,"Location (35.0529, -85.3128)",156.0,67995.0,3264,69.0,153.0,433.0,64.64,64.65,4.81,43.4,82.72,44.38,51.95,High Demand - Undersupplied,205
317,"Location (35.0377, -85.3131)",121.0,68703.0,3298,85.0,141.0,541.0,65.31,65.32,3.73,53.46,76.03,30.55,51.78,High Demand - Undersupplied,206
160,"Location (35.0471, -85.3177)",253.0,68850.0,3305,61.0,178.0,637.0,65.45,65.46,7.79,38.36,95.91,18.26,51.41,High Demand - Undersupplied,207
347,"Location (35.0544, -85.3102)",106.0,68762.0,3301,65.0,147.0,395.0,65.37,65.38,3.27,40.88,79.24,49.32,51.1,High Demand - Undersupplied,208
263,"Location (35.0499, -85.2870)",175.0,84613.0,4061,23.0,181.0,553.0,80.44,80.43,5.39,14.47,97.51,29.04,50.96,High Demand - Undersupplied,209
268,"Location (35.0417, -85.2999)",172.0,79665.0,3824,78.0,115.0,570.0,75.74,75.74,5.3,49.06,61.91,26.82,50.84,High Demand - Undersupplied,210
284,33,163.0,80091.0,3844,57.0,133.0,493.0,76.14,76.13,5.02,35.85,71.52,36.73,50.53,High Demand - Undersupplied,211
370,"Location (35.0495, -85.2880)",94.0,84613.0,4061,29.0,169.0,533.0,80.44,80.43,2.9,18.24,91.06,31.58,50.49,High Demand - Undersupplied,212
373,"Location (35.0540, -85.3125)",89.0,67995.0,3264,65.0,151.0,454.0,64.64,64.65,2.74,40.88,81.44,41.75,50.49,High Demand - Undersupplied,213
165,"Location (35.0439, -85.2878)",249.0,84311.0,4047,42.0,144.0,556.0,80.15,80.15,7.67,26.42,77.49,28.61,50.16,High Demand - Undersupplied,214
197,"Location (35.0457, -85.2877)",218.0,82025.0,3937,39.0,150.0,517.0,77.98,77.98,6.72,24.53,80.7,33.55,50.03,High Demand - Undersupplied,215
372,"Location (35.0364, -85.3057)",89.0,77873.0,3738,83.0,102.0,522.0,74.03,74.03,2.74,52.2,55.07,32.98,49.98,High Demand - Undersupplied,216
405,"Location (35.0361, -85.3092)",71.0,75463.0,3622,79.0,108.0,462.0,71.74,71.74,2.19,49.69,58.03,40.65,49.94,High Demand - Undersupplied,217
371,"Location (35.0433, -85.2963)",90.0,82162.0,3944,66.0,116.0,543.0,78.11,78.11,2.77,41.51,62.8,30.28,49.81,High Demand - Undersupplied,218
73,"Location (35.0339, -85.2680)",419.0,95705.0,4594,72.0,54.0,521.0,90.98,90.99,12.91,45.28,29.34,33.16,49.74,High Demand - Undersupplied,219
395,"Location (35.0428, -85.2917)",74.0,84201.0,4042,52.0,131.0,547.0,80.05,80.06,2.28,32.7,70.73,29.8,49.66,High Demand - Undersupplied,220
327,"Location (35.0551, -85.3114)",116.0,68762.0,3301,60.0,147.0,460.0,65.37,65.38,3.57,37.74,79.54,40.95,49.59,High Demand - Undersupplied,221
60,"Location (35.0346, -85.2663)",475.0,95705.0,4594,70.0,54.0,536.0,90.98,90.99,14.63,44.03,29.08,31.23,49.44,High Demand - Undersupplied,222
352,"Location (35.0362, -85.3051)",103.0,78859.0,3785,82.0,97.0,540.0,74.97,74.97,3.17,51.57,52.35,30.6,49.39,High Demand - Undersupplied,223
222,32,201.0,78460.0,3766,58.0,124.0,503.0,74.59,74.59,6.19,36.48,66.96,35.38,49.35,High Demand - Undersupplied,224
149,"Location (35.0346, -85.2698)",260.0,94123.0,4518,74.0,55.0,515.0,89.48,89.48,8.01,46.54,29.45,33.87,48.96,High Demand - Undersupplied,225
433,"Location (35.0353, -85.3087)",58.0,75463.0,3622,73.0,107.0,468.0,71.74,71.74,1.79,45.91,57.93,39.89,48.84,High Demand - Undersupplied,226
239,"Location (35.0361, -85.2689)",190.0,93298.0,4478,77.0,54.0,531.0,88.7,88.69,5.85,48.43,29.16,31.87,48.61,High Demand - Undersupplied,227
291,"Location (35.0427, -85.2985)",154.0,83716.0,4018,63.0,98.0,517.0,79.59,79.58,4.74,39.62,53.0,33.56,48.45,High Demand - Undersupplied,228
261,"Location (35.0224, -85.2433)",176.0,99525.0,4777,18.0,101.0,368.0,94.62,94.61,5.42,11.32,54.48,52.73,48.2,High Demand - Undersupplied,229
377,"Location (35.0523, -85.2978)",88.0,80509.0,3864,42.0,133.0,503.0,76.54,76.53,2.71,26.42,71.84,35.43,47.88,High Demand - Undersupplied,230
59,"Location (35.0243, -85.2452)",476.0,95175.0,4568,19.0,101.0,425.0,90.48,90.47,14.66,11.95,54.56,45.44,47.78,High Demand - Undersupplied,231
175,"Location (35.0322, -85.2740)",236.0,96041.0,4610,45.0,73.0,447.0,91.3,91.31,7.27,28.3,39.46,42.59,47.71,High Demand - Undersupplied,232
457,"Location (35.0345, -85.3072)",50.0,77873.0,3738,60.0,106.0,451.0,74.03,74.03,1.54,37.74,57.27,42.15,47.54,High Demand - Undersupplied,233
158,"Location (35.0185, -85.2388)",255.0,94122.0,4518,19.0,104.0,401.0,89.48,89.48,7.86,11.95,55.84,48.51,47.03,High Demand - Undersupplied,234
245,"Location (35.0194, -85.2396)",183.0,94122.0,4518,18.0,104.0,371.0,89.48,89.48,5.64,11.32,55.86,52.36,46.93,High Demand - Undersupplied,235
214,"Location (35.0229, -85.2482)",206.0,99377.0,4770,18.0,101.0,476.0,94.47,94.47,6.35,11.32,54.48,38.86,46.91,High Demand - Undersupplied,236
52,"Location (35.0554, -85.3148)",500.0,70538.0,3386,45.0,138.0,592.0,67.06,67.06,15.4,28.3,74.69,23.92,46.83,High Demand - Undersupplied,237
136,"Location (35.0434, -85.2808)",281.0,87761.0,4213,39.0,98.0,494.0,83.43,83.44,8.66,24.53,52.69,36.61,46.66,High Demand - Undersupplied,238
7,"Location (35.0098, -85.2057)",1457.0,85020.0,4081,15.0,99.0,571.0,80.83,80.83,44.89,9.43,53.22,26.71,46.65,High Demand - Undersupplied,239
458,"Location (35.0308, -85.2699)",50.0,95705.0,4594,52.0,63.0,477.0,90.98,90.99,1.54,32.7,34.2,38.8,46.42,High Demand - Undersupplied,240
152,"Location (35.0228, -85.2752)",257.0,105189.0,5049,37.0,56.0,528.0,100.0,100.0,7.92,23.27,30.12,32.22,46.25,High Demand - Undersupplied,241
254,"Location (35.0401, -85.2715)",180.0,93582.0,4492,59.0,48.0,446.0,88.97,88.97,5.55,37.11,25.69,42.78,46.21,High Demand - Undersupplied,242
378,"Location (35.0167, -85.2357)",88.0,93999.0,4512,20.0,104.0,424.0,89.36,89.36,2.71,12.58,55.83,45.61,46.09,High Demand - Undersupplied,243
368,"Location (35.0351, -85.3120)",94.0,73092.0,3508,59.0,106.0,459.0,69.49,69.48,2.9,37.11,56.96,41.05,46.05,High Demand - Undersupplied,244
421,"Location (35.0266, -85.2538)",64.0,97781.0,4693,12.0,100.0,377.0,92.96,92.95,1.97,7.55,53.76,51.53,45.97,High Demand - Undersupplied,245
315,"Location (35.0109, -85.2239)",125.0,91159.0,4376,20.0,103.0,399.0,86.66,86.67,3.85,12.58,55.8,48.74,45.76,High Demand - Undersupplied,246
119,"Location (35.0438, -85.2821)",299.0,84667.0,4064,38.0,99.0,506.0,80.49,80.49,9.21,23.9,53.65,34.97,45.73,High Demand - Undersupplied,247
220,"Location (35.0394, -85.2659)",202.0,93289.0,4478,68.0,41.0,561.0,88.69,88.69,6.22,42.77,22.16,28.0,45.46,High Demand - Undersupplied,248
38,"Location (35.0084, -85.2163)",564.0,85710.0,4114,19.0,103.0,449.0,81.48,81.48,17.38,11.95,55.81,42.4,45.44,High Demand - Undersupplied,249
259,"Location (35.0257, -85.2775)",177.0,103875.0,4986,28.0,56.0,435.0,98.75,98.75,5.45,17.61,30.24,44.12,45.31,High Demand - Undersupplied,250
420,"Location (35.0127, -85.2288)",65.0,91059.0,4371,20.0,103.0,413.0,86.57,86.57,2.0,12.58,55.8,47.0,45.28,High Demand - Undersupplied,251
446,"Location (35.0412, -85.2989)",52.0,80451.0,3862,55.0,91.0,510.0,76.48,76.49,1.6,34.59,49.18,34.55,45.13,High Demand - Undersupplied,252
369,"Location (35.0353, -85.3131)",94.0,71660.0,3440,57.0,107.0,490.0,68.12,68.13,2.9,35.85,57.62,37.05,45.07,High Demand - Undersupplied,253
54,"Location (35.0093, -85.2136)",496.0,84910.0,4076,21.0,100.0,443.0,80.72,80.73,15.28,13.21,53.96,43.13,44.92,High Demand - Undersupplied,254
351,"Location (35.0441, -85.2791)",103.0,89689.0,4305,45.0,76.0,501.0,85.26,85.26,3.17,28.3,40.93,35.67,44.88,High Demand - Undersupplied,255
265,"Location (35.0373, -85.2639)",174.0,94103.0,4517,58.0,45.0,553.0,89.46,89.46,5.36,36.48,24.23,29.03,44.51,High Demand - Undersupplied,256
173,"Location (35.0098, -85.2182)",240.0,85917.0,4124,21.0,103.0,434.0,81.68,81.68,7.39,13.21,55.81,44.24,44.5,High Demand - Undersupplied,257
41,"Location (35.0119, -85.2118)",549.0,83732.0,4019,21.0,100.0,485.0,79.6,79.6,16.91,13.21,53.96,37.69,44.28,High Demand - Undersupplied,258
445,"Location (35.0103, -85.2197)",52.0,86852.0,4169,20.0,103.0,401.0,82.57,82.57,1.6,12.58,55.8,48.52,44.17,High Demand - Undersupplied,259
12,"Location (35.0266, -85.1941)",1185.0,76740.0,3684,10.0,103.0,490.0,72.95,72.96,36.51,6.29,55.77,37.13,43.81,High Demand - Undersupplied,260
36,"Location (35.0142, -85.2121)",587.0,85048.0,4082,19.0,100.0,545.0,80.85,80.85,18.08,11.95,53.8,30.05,43.72,High Demand - Undersupplied,261
127,"Location (35.0068, -85.2108)",291.0,83531.0,4009,14.0,104.0,389.0,79.41,79.4,8.96,8.81,55.83,49.99,43.53,High Demand - Undersupplied,262
394,"Location (35.0102, -85.2146)",74.0,84910.0,4076,24.0,101.0,484.0,80.72,80.73,2.28,15.09,54.21,37.91,42.97,High Demand - Undersupplied,263
258,"Location (35.0114, -85.2393)",178.0,98176.0,4712,9.0,104.0,667.0,93.33,93.33,5.48,5.66,55.86,14.32,42.84,High Demand - Undersupplied,264
408,"Location (35.0106, -85.2120)",71.0,84910.0,4076,20.0,100.0,440.0,80.72,80.73,2.19,12.58,53.88,43.53,42.82,High Demand - Undersupplied,265
443,"Location (35.0103, -85.2126)",53.0,84910.0,4076,22.0,100.0,461.0,80.72,80.73,1.63,13.84,54.06,40.74,42.81,High Demand - Undersupplied,266
416,"Location (35.0116, -85.2134)",66.0,84910.0,4076,22.0,100.0,485.0,80.72,80.73,2.03,13.84,54.06,37.75,42.57,High Demand - Undersupplied,267
302,"Location (35.0072, -85.2079)",138.0,84350.0,4049,11.0,103.0,395.0,80.19,80.19,4.25,6.92,55.8,49.22,42.51,High Demand - Undersupplied,268
231,"Location (35.0061, -85.2141)",193.0,85472.0,4103,17.0,104.0,523.0,81.26,81.26,5.95,10.69,55.84,32.83,42.4,High Demand - Undersupplied,269
10,"Location (35.0348, -85.1568)",1257.0,64838.0,3112,7.0,118.0,453.0,61.64,61.64,38.72,4.4,63.8,41.83,42.34,High Demand - Undersupplied,270
217,"Location (35.0152, -85.2208)",204.0,86399.0,4147,17.0,103.0,589.0,82.14,82.14,6.28,10.69,55.78,24.38,41.85,High Demand - Undersupplied,271
96,"Location (35.0152, -85.2073)",349.0,81509.0,3912,13.0,98.0,447.0,77.49,77.48,10.75,8.18,52.86,42.56,41.73,High Demand - Undersupplied,272
169,"Location (35.0316, -85.3046)",244.0,78999.0,3792,46.0,77.0,583.0,75.1,75.1,7.52,28.93,41.33,25.17,41.68,High Demand - Undersupplied,273
123,"Location (35.0117, -85.2427)",294.0,99009.0,4752,4.0,104.0,767.0,94.12,94.12,9.06,2.52,55.83,1.45,41.53,High Demand - Undersupplied,274
277,"Location (35.0149, -85.2092)",167.0,83254.0,3996,16.0,99.0,498.0,79.15,79.14,5.14,10.06,53.4,36.1,41.32,High Demand - Undersupplied,275
24,"Location (35.0395, -85.1549)",809.0,70079.0,3364,11.0,113.0,504.0,66.62,66.63,24.92,6.92,60.9,35.26,41.16,High Demand - Undersupplied,276
5,"Location (34.9952, -85.3113)",2097.0,60181.0,2889,22.0,75.0,568.0,57.21,57.22,64.6,13.84,40.45,27.01,41.11,Adequate Demand - Consider Expansion,277
110,"Location (35.0308, -85.3055)",317.0,78999.0,3792,44.0,74.0,610.0,75.1,75.1,9.77,27.67,40.15,21.63,41.11,High Demand - Undersupplied,278
247,"Location (35.0487, -85.2783)",182.0,87368.0,4194,25.0,63.0,421.0,83.06,83.07,5.61,15.72,33.94,45.88,41.07,High Demand - Undersupplied,279
362,"Location (35.0056, -85.2211)",99.0,88941.0,4269,12.0,104.0,618.0,84.55,84.55,3.05,7.55,55.83,20.69,40.94,High Demand - Undersupplied,280
21,"Location (35.0295, -85.3069)",853.0,79229.0,3803,35.0,65.0,633.0,75.32,75.32,26.28,22.01,34.87,18.66,40.88,High Demand - Undersupplied,281
91,"Location (35.0241, -85.2913)",356.0,95537.0,4586,35.0,32.0,548.0,90.82,90.83,10.97,22.01,17.48,29.64,40.86,High Demand - Undersupplied,282
250,"Location (35.0055, -85.2228)",180.0,88201.0,4234,13.0,103.0,659.0,83.85,83.86,5.55,8.18,55.8,15.43,40.74,High Demand - Undersupplied,283
17,"Location (35.0321, -85.1578)",913.0,62858.0,3017,5.0,124.0,450.0,59.76,59.75,28.13,3.14,67.1,42.2,40.57,High Demand - Undersupplied,284
2,"Location (35.1132, -85.2471)",3190.0,56013.0,2689,7.0,60.0,609.0,53.25,53.26,98.27,4.4,32.36,21.8,40.47,Balanced,285
289,"Location (35.0289, -85.2417)",156.0,92534.0,4442,10.0,99.0,695.0,87.97,87.98,4.81,6.29,53.4,10.74,40.44,High Demand - Undersupplied,286
253,"Location (35.0448, -85.3203)",180.0,68228.0,3275,22.0,111.0,416.0,64.86,64.86,5.55,13.84,60.12,46.56,40.43,High Demand - Undersupplied,287
339,"Location (35.0328, -85.3132)",109.0,72659.0,3488,48.0,77.0,529.0,69.07,69.08,3.36,30.19,41.67,32.07,40.32,High Demand - Undersupplied,288
279,"Location (35.0411, -85.2619)",167.0,91918.0,4412,42.0,29.0,530.0,87.38,87.38,5.14,26.42,15.39,32.0,39.87,High Demand - Undersupplied,289
271,"Location (35.0494, -85.2763)",169.0,87368.0,4194,33.0,55.0,545.0,83.06,83.07,5.21,20.75,29.63,30.0,39.82,High Demand - Undersupplied,290
275,"Location (35.0545, -85.3196)",168.0,62153.0,2983,5.0,185.0,750.0,59.09,59.08,5.18,3.14,100.0,3.69,39.66,High Demand - Undersupplied,291
29,"Location (35.0365, -85.1552)",664.0,67003.0,3216,9.0,115.0,500.0,63.7,63.7,20.46,5.66,62.03,35.79,39.58,High Demand - Undersupplied,292
97,"Location (35.0210, -85.2908)",346.0,97494.0,4680,21.0,18.0,412.0,92.68,92.69,10.66,13.21,9.71,47.07,39.36,High Demand - Undersupplied,293
67,"Location (35.0378, -85.2588)",446.0,89359.0,4289,28.0,35.0,507.0,84.95,84.95,13.74,17.61,19.03,34.92,39.25,High Demand - Undersupplied,294
270,"Location (35.0349, -85.3148)",170.0,68660.0,3296,45.0,80.0,531.0,65.27,65.28,5.24,28.3,43.1,31.77,39.24,High Demand - Undersupplied,295
260,"Location (35.0441, -85.2600)",177.0,87681.0,4209,39.0,25.0,513.0,83.36,83.36,5.45,24.53,13.37,34.13,38.05,High Demand - Undersupplied,296
210,"Location (35.0323, -85.1595)",207.0,62858.0,3017,4.0,130.0,424.0,59.76,59.75,6.38,2.52,69.85,45.52,38.03,High Demand - Undersupplied,297
120,"Location (35.0456, -85.2590)",297.0,84024.0,4033,41.0,26.0,519.0,79.88,79.88,9.15,25.79,14.12,33.42,37.95,High Demand - Undersupplied,298
232,"Location (35.0205, -85.2881)",193.0,95574.0,4588,20.0,18.0,414.0,90.86,90.87,5.95,12.58,9.71,46.78,37.92,High Demand - Undersupplied,299
176,"Location (35.0433, -85.2582)",235.0,87633.0,4206,34.0,26.0,511.0,83.31,83.3,7.24,21.38,14.18,34.42,37.7,High Demand - Undersupplied,300
356,"Location (35.0318, -85.1846)",101.0,69456.0,3334,8.0,103.0,397.0,66.03,66.03,3.11,5.03,55.76,49.05,37.59,High Demand - Undersupplied,301
262,"Location (35.0388, -85.1575)",175.0,69145.0,3319,13.0,111.0,546.0,65.73,65.74,5.39,8.18,60.08,29.83,37.57,High Demand - Undersupplied,302
115,"Location (35.0331, -85.1567)",306.0,62858.0,3017,6.0,121.0,449.0,59.76,59.75,9.43,3.77,65.17,42.33,37.55,High Demand - Undersupplied,303
236,"Location (35.0401, -85.2587)",191.0,88210.0,4234,31.0,29.0,507.0,83.86,83.86,5.88,19.5,15.54,34.94,37.52,High Demand - Undersupplied,304
156,"Location (35.0327, -85.1841)",256.0,68337.0,3280,8.0,103.0,433.0,64.97,64.96,7.89,5.03,55.76,44.36,37.52,High Demand - Undersupplied,305
42,"Location (35.0338, -85.1606)",549.0,61425.0,2948,5.0,124.0,534.0,58.39,58.39,16.91,3.14,66.99,31.49,37.39,High Demand - Undersupplied,306
227,"Location (34.9871, -85.2876)",197.0,74636.0,3583,21.0,59.0,351.0,70.95,70.96,6.07,13.21,31.59,54.87,37.31,High Demand - Undersupplied,307
207,"Location (35.0155, -85.3245)",210.0,63999.0,3072,35.0,75.0,442.0,60.84,60.84,6.47,22.01,40.22,43.19,37.09,High Demand - Undersupplied,308
135,"Location (35.0147, -85.3261)",282.0,65414.0,3140,36.0,75.0,520.0,62.19,62.19,8.69,22.64,40.23,33.29,36.99,High Demand - Undersupplied,309
95,"Location (35.0369, -85.1581)",350.0,64838.0,3112,10.0,114.0,548.0,61.64,61.64,10.78,6.29,61.38,29.7,36.93,High Demand - Undersupplied,310
171,"Location (35.0612, -85.3059)",242.0,68764.0,3301,25.0,72.0,433.0,65.37,65.38,7.46,15.72,39.03,44.37,36.91,High Demand - Undersupplied,311
142,"Location (35.0196, -85.3137)",274.0,77513.0,3721,23.0,66.0,574.0,73.69,73.7,8.44,14.47,35.58,26.33,36.74,High Demand - Undersupplied,312
423,"Location (35.0323, -85.1858)",63.0,69456.0,3334,9.0,103.0,468.0,66.03,66.03,1.94,5.66,55.8,39.94,36.67,High Demand - Undersupplied,313
400,"Location (35.0440, -85.1566)",73.0,65168.0,3128,11.0,103.0,402.0,61.95,61.95,2.25,6.92,55.7,48.35,36.63,High Demand - Undersupplied,314
213,"Location (35.0624, -85.2982)",207.0,73819.0,3543,18.0,75.0,493.0,70.18,70.17,6.38,11.32,40.45,36.72,36.6,High Demand - Undersupplied,315
309,"Location (35.0601, -85.3027)",131.0,70610.0,3389,21.0,85.0,527.0,67.13,67.12,4.04,13.21,46.03,32.39,36.49,High Demand - Undersupplied,316
388,"Location (35.0171, -85.3234)",84.0,62966.0,3022,29.0,73.0,337.0,59.86,59.85,2.59,18.24,39.26,56.68,36.42,High Demand - Undersupplied,317
336,"Location (35.0452, -85.1613)",111.0,60617.0,2910,16.0,103.0,396.0,57.63,57.64,3.42,10.06,55.72,49.12,36.38,High Demand - Undersupplied,318
116,"Location (35.0350, -85.3162)",302.0,67835.0,3256,36.0,67.0,564.0,64.49,64.49,9.3,22.64,35.88,27.62,36.34,High Demand - Undersupplied,319
58,"Location (35.0353, -85.1609)",482.0,61425.0,2948,6.0,121.0,575.0,58.39,58.39,14.85,3.77,65.08,26.15,36.32,High Demand - Undersupplied,320
412,"Location (35.0613, -85.3093)",69.0,69765.0,3349,31.0,67.0,478.0,66.32,66.33,2.13,19.5,36.31,38.65,36.22,High Demand - Undersupplied,321
439,"Location (35.0686, -85.2890)",56.0,75858.0,3641,18.0,60.0,391.0,72.12,72.11,1.73,11.32,32.36,49.84,36.18,High Demand - Undersupplied,322
282,"Location (35.0090, -85.3241)",166.0,64737.0,3107,38.0,68.0,500.0,61.54,61.54,5.11,23.9,36.68,35.77,36.12,High Demand - Undersupplied,323
326,"Location (35.0632, -85.3081)",116.0,67127.0,3222,31.0,60.0,389.0,63.82,63.81,3.57,19.5,32.14,50.02,35.98,High Demand - Undersupplied,324
380,"Location (35.0619, -85.3081)",88.0,68066.0,3267,27.0,63.0,384.0,64.71,64.71,2.71,16.98,33.86,50.69,35.9,High Demand - Undersupplied,325
75,"Location (35.0366, -85.1597)",416.0,62656.0,3007,10.0,114.0,604.0,59.57,59.56,12.82,6.29,61.38,22.48,35.89,High Demand - Undersupplied,326
77,"Location (35.0373, -85.3177)",414.0,67835.0,3256,33.0,63.0,574.0,64.49,64.49,12.75,20.75,33.95,26.27,35.86,High Demand - Undersupplied,327
414,"Location (35.0455, -85.1624)",67.0,58987.0,2831,15.0,103.0,375.0,56.08,56.07,2.06,9.43,55.77,51.79,35.82,High Demand - Undersupplied,328
455,"Location (35.0630, -85.3031)",50.0,70609.0,3389,26.0,69.0,488.0,67.13,67.12,1.54,16.35,37.45,37.32,35.68,High Demand - Undersupplied,329
399,"Location (35.0690, -85.2886)",73.0,74076.0,3556,18.0,60.0,401.0,70.42,70.43,2.25,11.32,32.36,48.52,35.62,High Demand - Undersupplied,330
28,"Location (35.0404, -85.3213)",752.0,66454.0,3190,20.0,64.0,551.0,63.18,63.18,23.17,12.58,34.25,29.22,35.35,High Demand - Undersupplied,331
355,"Location (35.0655, -85.3108)",102.0,65336.0,3136,33.0,58.0,402.0,62.11,62.11,3.14,20.75,31.07,48.38,35.35,High Demand - Undersupplied,332
436,"Location (35.0614, -85.2981)",57.0,73819.0,3543,17.0,76.0,532.0,70.18,70.17,1.76,10.69,40.93,31.65,35.34,High Demand - Undersupplied,333
117,"Location (35.0101, -85.3267)",300.0,61541.0,2954,34.0,69.0,496.0,58.51,58.51,9.24,21.38,37.01,36.3,35.32,High Demand - Undersupplied,334
447,"Location (35.0628, -85.3062)",52.0,67127.0,3222,29.0,63.0,419.0,63.82,63.81,1.6,18.24,33.76,46.15,35.31,High Demand - Undersupplied,335
426,"Location (35.0651, -85.3101)",59.0,65336.0,3136,34.0,58.0,406.0,62.11,62.11,1.82,21.38,31.11,47.88,35.26,High Demand - Undersupplied,336
13,"Location (35.1397, -85.2457)",1164.0,53837.0,2584,2.0,60.0,179.0,51.18,51.18,35.86,1.26,32.36,76.99,35.22,High Demand - Undersupplied,337
226,"Location (35.0600, -85.3011)",198.0,70610.0,3389,20.0,77.0,570.0,67.13,67.12,6.1,12.58,41.42,26.77,35.16,High Demand - Undersupplied,338
161,Cell Waiting Lot,252.0,72978.0,3503,5.0,103.0,684.0,69.38,69.38,7.76,3.14,55.77,12.15,35.13,High Demand - Undersupplied,339
131,"Location (35.0588, -85.2533)",287.0,70690.0,3393,45.0,27.0,509.0,67.2,67.2,8.84,28.3,14.42,34.62,34.91,High Demand - Undersupplied,340
357,"Location (35.0628, -85.3110)",100.0,65854.0,3161,32.0,59.0,446.0,62.61,62.61,3.08,20.13,31.77,42.74,34.9,High Demand - Undersupplied,341
103,"Location (35.0575, -85.2541)",333.0,70690.0,3393,45.0,27.0,527.0,67.2,67.2,10.26,28.3,14.41,32.3,34.89,High Demand - Undersupplied,342
31,"Location (35.0462, -85.3227)",645.0,63743.0,3060,16.0,60.0,455.0,60.6,60.61,19.87,10.06,32.53,41.58,34.34,High Demand - Undersupplied,343
76,"Location (35.0475, -85.1568)",415.0,59720.0,2867,9.0,103.0,567.0,56.77,56.78,12.78,5.66,55.74,27.14,34.23,High Demand - Undersupplied,344
201,"Location (35.0287, -85.2010)",214.0,72394.0,3475,6.0,103.0,740.0,68.82,68.83,6.59,3.77,55.74,4.99,34.23,High Demand - Undersupplied,345
269,"Location (35.0245, -85.3113)",170.0,75974.0,3647,16.0,62.0,581.0,72.23,72.23,5.24,10.06,33.44,25.45,34.2,High Demand - Undersupplied,346
301,"Location (35.0632, -85.3124)",138.0,63859.0,3065,30.0,59.0,453.0,60.71,60.71,4.25,18.87,31.73,41.88,34.1,High Demand - Undersupplied,347
20,Hixson Plaza,855.0,57680.0,2769,13.0,60.0,377.0,54.83,54.84,26.34,8.18,32.36,51.65,34.09,High Demand - Undersupplied,348
274,"Location (35.0404, -85.1490)",169.0,68115.0,3270,4.0,104.0,616.0,64.75,64.77,5.21,2.52,55.83,20.85,34.09,High Demand - Undersupplied,349
349,"Location (35.1020, -85.2747)",106.0,65162.0,3128,17.0,60.0,330.0,61.95,61.95,3.27,10.69,32.36,57.59,33.98,High Demand - Undersupplied,350
48,"Location (35.0574, -85.2803)",531.0,80828.0,3880,5.0,28.0,421.0,76.84,76.85,16.36,3.14,15.21,45.93,33.93,High Demand - Undersupplied,351
285,"Location (35.0251, -85.3177)",162.0,70245.0,3372,14.0,55.0,391.0,66.78,66.79,4.99,8.81,29.43,49.74,33.85,High Demand - Undersupplied,352
178,"Location (35.0213, -85.3238)",234.0,65312.0,3135,26.0,69.0,572.0,62.09,62.09,7.21,16.35,36.97,26.55,33.85,High Demand - Undersupplied,353
444,"Location (35.0226, -85.3200)",53.0,68403.0,3283,26.0,68.0,575.0,65.03,65.02,1.63,16.35,36.43,26.22,33.75,High Demand - Undersupplied,354
401,"Location (35.1014, -85.2741)",72.0,65162.0,3128,16.0,60.0,342.0,61.95,61.95,2.22,10.06,32.36,56.03,33.51,High Demand - Undersupplied,355
133,"Location (35.0580, -85.2772)",285.0,83110.0,3989,10.0,38.0,560.0,79.01,79.01,8.78,6.29,20.55,28.1,33.51,High Demand - Undersupplied,356
359,"Location (35.0308, -85.1743)",100.0,67397.0,3235,5.0,103.0,642.0,64.07,64.07,3.08,3.14,55.77,17.56,33.38,High Demand - Undersupplied,357
162,"Location (35.0554, -85.2832)",251.0,83111.0,3989,3.0,27.0,378.0,79.01,79.01,7.73,1.89,14.38,51.48,33.36,High Demand - Undersupplied,358
300,"Location (35.0467, -85.1549)",140.0,63133.0,3030,10.0,103.0,626.0,60.02,60.01,4.31,6.29,55.72,19.58,33.32,High Demand - Undersupplied,359
49,"Location (35.1323, -85.2382)",516.0,53266.0,2557,2.0,90.0,353.0,50.64,50.64,15.9,1.26,48.54,54.71,33.07,High Demand - Undersupplied,360
85,"Location (35.1065, -85.2718)",388.0,62246.0,2988,19.0,60.0,464.0,59.18,59.18,11.95,11.95,32.36,40.48,33.05,High Demand - Undersupplied,361
154,"Location (35.0090, -85.3291)",256.0,59255.0,2844,26.0,65.0,478.0,56.33,56.33,7.89,16.35,35.0,38.56,33.03,High Demand - Undersupplied,362
99,"Location (35.0387, -85.1471)",342.0,64944.0,3117,4.0,104.0,694.0,61.74,61.73,10.54,2.52,55.83,10.94,32.99,High Demand - Undersupplied,363
307,"Location (35.0469, -85.3216)",133.0,64814.0,3111,16.0,60.0,401.0,61.62,61.62,4.1,10.06,32.53,48.53,32.97,High Demand - Undersupplied,364
427,"Location (35.0628, -85.3131)",59.0,62355.0,2993,30.0,59.0,500.0,59.28,59.28,1.82,18.87,31.73,35.81,32.7,High Demand - Undersupplied,365
392,"Location (35.0484, -85.3204)",77.0,65598.0,3149,14.0,60.0,394.0,62.36,62.37,2.37,8.81,32.32,49.38,32.67,High Demand - Undersupplied,366
179,"Location (35.0484, -85.3213)",232.0,64521.0,3097,14.0,60.0,428.0,61.34,61.34,7.15,8.81,32.32,45.1,32.65,High Demand - Undersupplied,367
387,"Location (35.0470, -85.1537)",85.0,63961.0,3070,7.0,103.0,663.0,60.81,60.8,2.62,4.4,55.71,14.83,32.36,High Demand - Undersupplied,368
128,"Location (35.0543, -85.2811)",290.0,81988.0,3935,11.0,31.0,578.0,77.94,77.94,8.93,6.92,16.52,25.78,32.33,High Demand - Undersupplied,369
65,"Location (35.0632, -85.3147)",453.0,59269.0,2845,28.0,54.0,545.0,56.35,56.35,13.96,17.61,28.88,30.04,32.18,High Demand - Undersupplied,370
47,"Location (35.1304, -85.2379)",534.0,49736.0,2387,2.0,90.0,351.0,47.28,47.28,16.45,1.26,48.54,54.99,32.17,High Demand - Undersupplied,371
16,"Location (35.1371, -85.2424)",985.0,53538.0,2570,3.0,60.0,388.0,50.9,50.9,30.35,1.89,32.36,50.13,31.78,High Demand - Undersupplied,372
297,"Location (35.0565, -85.2797)",147.0,81978.0,3935,7.0,25.0,494.0,77.93,77.94,4.53,4.4,13.33,36.59,31.49,High Demand - Undersupplied,373
294,"Location (35.0499, -85.3206)",149.0,65644.0,3151,11.0,59.0,475.0,62.41,62.41,4.59,6.92,31.87,39.06,31.42,High Demand - Undersupplied,374
15,"Location (35.1343, -85.2443)",999.0,54219.0,2603,6.0,70.0,557.0,51.54,51.55,30.78,3.77,37.76,28.45,31.42,High Demand - Undersupplied,375
256,"Location (35.0625, -85.2756)",179.0,77027.0,3697,3.0,19.0,317.0,73.23,73.22,5.51,1.89,10.07,59.33,31.21,High Demand - Undersupplied,376
198,"Location (35.0546, -85.2827)",218.0,81988.0,3935,8.0,30.0,625.0,77.94,77.94,6.72,5.03,16.05,19.77,30.83,High Demand - Undersupplied,377
145,"Location (35.0679, -85.3144)",266.0,58999.0,2832,24.0,43.0,439.0,56.09,56.09,8.19,15.09,23.08,43.64,30.81,High Demand - Undersupplied,378
32,"Location (35.1319, -85.2351)",617.0,53498.0,2568,2.0,90.0,580.0,50.86,50.86,19.01,1.26,48.54,25.48,30.68,High Demand - Undersupplied,379
374,"Location (35.1132, -85.2641)",88.0,58727.0,2819,16.0,60.0,450.0,55.83,55.83,2.71,10.06,32.36,42.21,30.37,High Demand - Undersupplied,380
166,"Location (35.1325, -85.2367)",248.0,53498.0,2568,2.0,90.0,473.0,50.86,50.86,7.64,1.26,48.54,39.27,30.35,High Demand - Undersupplied,381
266,"Location (35.0807, -85.2638)",174.0,67855.0,3257,8.0,27.0,308.0,64.51,64.51,5.36,5.03,14.29,60.45,30.32,High Demand - Undersupplied,382
233,"Location (35.1246, -85.2368)",192.0,47810.0,2295,1.0,120.0,588.0,45.45,45.45,5.91,0.63,64.72,24.48,30.07,High Demand - Undersupplied,383
206,"Location (35.0782, -85.2666)",210.0,73264.0,3517,7.0,28.0,483.0,69.65,69.66,6.47,4.4,14.95,37.93,29.75,High Demand - Undersupplied,384
196,"Location (35.1336, -85.2397)",218.0,54301.0,2606,3.0,80.0,458.0,51.62,51.61,6.72,1.89,43.15,41.21,29.71,High Demand - Undersupplied,385
90,Highland Plaza,364.0,52110.0,2501,2.0,60.0,286.0,49.54,49.53,11.21,1.26,32.36,63.28,29.66,High Demand - Undersupplied,386
84,"Location (35.0810, -85.2970)",389.0,66108.0,3173,8.0,60.0,689.0,62.85,62.84,11.98,5.03,32.36,11.56,29.54,High Demand - Undersupplied,387
187,"Location (35.1345, -85.2393)",225.0,55696.0,2673,3.0,80.0,509.0,52.95,52.94,6.93,1.89,43.15,34.69,29.49,High Demand - Undersupplied,388
118,"Location (35.0641, -85.2729)",299.0,77952.0,3742,5.0,18.0,554.0,74.11,74.11,9.21,3.14,9.92,28.87,29.27,High Demand - Undersupplied,389
35,"Location (35.1314, -85.2414)",602.0,51819.0,2487,5.0,63.0,457.0,49.26,49.26,18.55,3.14,33.87,41.34,29.25,High Demand - Undersupplied,390
244,"Location (35.1181, -85.2505)",185.0,53160.0,2552,15.0,60.0,442.0,50.54,50.54,5.7,9.43,32.36,43.21,29.17,High Demand - Undersupplied,391
134,CCA lot,283.0,66334.0,3184,1.0,76.0,756.0,63.06,63.06,8.72,0.63,40.99,2.94,28.88,High Demand - Undersupplied,392
34,"Location (35.1296, -85.2415)",605.0,51318.0,2463,7.0,62.0,494.0,48.79,48.78,18.64,4.4,33.44,36.52,28.87,High Demand - Undersupplied,393
148,"Location (35.1304, -85.2352)",262.0,49893.0,2395,2.0,90.0,557.0,47.43,47.44,8.07,1.26,48.54,28.5,28.31,High Demand - Undersupplied,394
88,"Location (35.0865, -85.1334)",371.0,43961.0,2110,1.0,39.0,32.0,41.79,41.79,11.43,0.63,21.04,95.85,28.2,High Demand - Undersupplied,395
79,"Location (35.0408, -85.2200)",404.0,74197.0,3561,4.0,1.0,442.0,70.54,70.53,12.45,2.52,0.54,43.27,28.09,High Demand - Undersupplied,396
93,"Location (35.0978, -85.2685)",353.0,65578.0,3148,5.0,60.0,765.0,62.34,62.35,10.87,3.14,32.36,1.76,27.77,High Demand - Undersupplied,397
230,"Location (35.1320, -85.2399)",197.0,49661.0,2384,4.0,75.0,473.0,47.21,47.22,6.07,2.52,40.45,39.25,27.72,High Demand - Undersupplied,398
57,"Location (35.1355, -85.2454)",487.0,53365.0,2562,5.0,60.0,548.0,50.73,50.74,15.0,3.14,32.36,29.58,27.69,High Demand - Undersupplied,399
9,VWGoA,1264.0,53239.0,2555,7.0,15.0,473.0,50.61,50.6,38.94,4.4,8.17,39.21,27.68,High Demand - Undersupplied,400
11,VWGoA,1192.0,48495.0,2328,6.0,15.0,330.0,46.1,46.11,36.72,3.77,8.0,57.58,27.64,High Demand - Undersupplied,401
72,"Location (35.0985, -85.2411)",420.0,55884.0,2682,4.0,24.0,276.0,53.13,53.12,12.94,2.52,12.94,64.61,27.56,High Demand - Undersupplied,402
151,"Location (35.1293, -85.2475)",258.0,50757.0,2436,11.0,61.0,502.0,48.25,48.25,7.95,6.92,33.05,35.49,27.55,High Demand - Undersupplied,403
70,"Location (35.1287, -85.2380)",421.0,49736.0,2387,4.0,75.0,581.0,47.28,47.28,12.97,2.52,40.45,25.35,27.38,High Demand - Undersupplied,404
219,"Location (35.0754, -85.2644)",202.0,69189.0,3321,8.0,28.0,595.0,65.78,65.78,6.22,5.03,15.24,23.54,27.33,High Demand - Undersupplied,405
243,"Location (35.1330, -85.2406)",188.0,51542.0,2474,5.0,72.0,533.0,49.0,49.0,5.79,3.14,38.83,31.62,27.28,High Demand - Undersupplied,406
195,"Location (35.1310, -85.2387)",218.0,49661.0,2384,4.0,75.0,524.0,47.21,47.22,6.72,2.52,40.45,32.68,27.16,High Demand - Undersupplied,407
365,"Location (35.0652, -85.2739)",95.0,73954.0,3550,7.0,24.0,642.0,70.31,70.31,2.93,4.4,13.02,17.55,26.99,High Demand - Undersupplied,408
144,"Location (35.0997, -85.2429)",266.0,62118.0,2982,4.0,24.0,406.0,59.05,59.06,8.19,2.52,12.94,47.92,26.96,High Demand - Undersupplied,409
140,"Location (35.0488, -85.2413)",277.0,74288.0,3566,5.0,1.0,521.0,70.62,70.63,8.53,3.14,0.54,33.1,26.67,High Demand - Undersupplied,410
82,"Location (35.0981, -85.2447)",390.0,59473.0,2855,4.0,24.0,415.0,56.54,56.55,12.01,2.52,12.94,46.69,26.65,High Demand - Undersupplied,411
69,"Location (35.0857, -85.1316)",435.0,45486.0,2183,1.0,39.0,213.0,43.24,43.24,13.4,0.63,21.04,72.65,26.61,High Demand - Undersupplied,412
303,"Location (35.0959, -85.2549)",138.0,64382.0,3090,4.0,20.0,405.0,61.21,61.2,4.25,2.52,10.92,48.04,26.61,High Demand - Undersupplied,413
53,"Location (35.0985, -85.2375)",497.0,56130.0,2694,4.0,24.0,386.0,53.36,53.36,15.31,2.52,12.94,50.4,26.56,High Demand - Undersupplied,414
238,"Location (35.1338, -85.2408)",190.0,51542.0,2474,6.0,70.0,597.0,49.0,49.0,5.85,3.77,37.76,23.35,26.41,High Demand - Undersupplied,415
46,"Location (35.1015, -85.2385)",534.0,57524.0,2761,3.0,21.0,447.0,54.69,54.68,16.45,1.89,11.51,42.64,25.91,High Demand - Undersupplied,416
218,"Location (35.1003, -85.2398)",203.0,57634.0,2766,4.0,24.0,386.0,54.79,54.78,6.25,2.52,12.94,50.44,25.63,High Demand - Undersupplied,417
376,"Location (35.0964, -85.2532)",88.0,63228.0,3035,4.0,24.0,490.0,60.11,60.11,2.71,2.52,12.94,37.04,25.36,High Demand - Undersupplied,418
27,Trailer Yard,769.0,44503.0,2136,1.0,39.0,418.0,42.31,42.31,23.69,0.63,21.04,46.35,25.24,High Demand - Undersupplied,419
86,"Location (35.1268, -85.2384)",379.0,50023.0,2401,5.0,63.0,660.0,47.56,47.55,11.68,3.14,33.87,15.24,25.1,High Demand - Undersupplied,420
22,"Location (35.0565, -85.1899)",852.0,58761.0,2821,1.0,1.0,458.0,55.86,55.87,26.25,0.63,0.54,41.22,25.09,High Demand - Undersupplied,421
311,"Location (35.0609, -85.3222)",131.0,58644.0,2815,2.0,60.0,718.0,55.75,55.75,4.04,1.26,32.36,7.75,24.89,High Demand - Undersupplied,422
138,"Location (35.0630, -85.3218)",280.0,59037.0,2834,4.0,49.0,721.0,56.12,56.13,8.63,2.52,26.43,7.48,24.8,High Demand - Undersupplied,423
202,"Location (35.0730, -85.2366)",214.0,59830.0,2872,8.0,9.0,431.0,56.88,56.88,6.59,5.03,5.06,44.62,24.78,High Demand - Undersupplied,424
293,"Location (35.1237, -85.2408)",152.0,49836.0,2392,12.0,61.0,686.0,47.38,47.38,4.68,7.55,32.99,11.95,24.6,High Demand - Undersupplied,425
98,"Location (35.1246, -85.2392)",342.0,49377.0,2370,5.0,63.0,708.0,46.94,46.94,10.54,3.14,33.87,9.13,24.14,High Demand - Undersupplied,426
172,"Location (35.0599, -85.1340)",242.0,50003.0,2400,1.0,5.0,154.0,47.54,47.53,7.46,0.63,2.7,80.2,24.1,High Demand - Undersupplied,427
30,"Location (35.0714, -85.1375)",657.0,51081.0,2452,6.0,16.0,492.0,48.56,48.56,20.24,3.77,8.81,36.79,23.99,High Demand - Undersupplied,428
225,"Location (35.0730, -85.1531)",198.0,52322.0,2511,5.0,17.0,349.0,49.74,49.73,6.1,3.14,8.95,55.24,23.94,High Demand - Undersupplied,429
104,"Location (35.0700, -85.1410)",331.0,51232.0,2459,4.0,17.0,372.0,48.7,48.7,10.2,2.52,9.17,52.26,23.83,High Demand - Undersupplied,430
37,"Location (35.1008, -85.2344)",577.0,56021.0,2689,3.0,21.0,622.0,53.26,53.26,17.78,1.89,11.51,20.13,23.43,High Demand - Undersupplied,431
441,"Location (35.1225, -85.2404)",53.0,50055.0,2403,10.0,61.0,727.0,47.59,47.59,1.63,6.29,33.12,6.59,23.38,High Demand - Undersupplied,432
81,"Location (35.0743, -85.1868)",391.0,47697.0,2289,8.0,17.0,400.0,45.34,45.34,12.05,5.03,9.17,48.66,23.37,High Demand - Undersupplied,433
182,"Location (35.0730, -85.1843)",229.0,51768.0,2485,10.0,17.0,472.0,49.21,49.22,7.05,6.29,9.17,39.45,23.17,High Demand - Undersupplied,434
141,"Location (35.0554, -85.1895)",275.0,60252.0,2892,1.0,1.0,453.0,57.28,57.28,8.47,0.63,0.54,41.82,22.9,High Demand - Undersupplied,435
33,"Location (35.0589, -85.1913)",617.0,59571.0,2859,1.0,1.0,563.0,56.63,56.63,19.01,0.63,0.54,27.71,22.87,High Demand - Undersupplied,436
390,"Location (35.0721, -85.1320)",81.0,53000.0,2544,6.0,15.0,407.0,50.39,50.39,2.5,3.77,8.0,47.7,22.8,High Demand - Undersupplied,437
71,"Location (35.0616, -85.1407)",421.0,56063.0,2691,1.0,5.0,518.0,53.3,53.3,12.97,0.63,2.7,33.52,21.98,High Demand - Undersupplied,438
193,"Location (35.0717, -85.1848)",219.0,49281.0,2365,9.0,17.0,497.0,46.85,46.84,6.75,5.66,9.17,36.15,21.93,High Demand - Undersupplied,439
122,"Location (35.1434, -85.2381)",294.0,48813.0,2343,1.0,60.0,778.0,46.41,46.41,9.06,0.63,32.36,0.07,21.92,High Demand - Undersupplied,440
384,"Location (35.1421, -85.2378)",86.0,48813.0,2343,1.0,60.0,709.0,46.41,46.41,2.65,0.63,32.36,8.92,21.84,High Demand - Undersupplied,441
121,"Location (35.0582, -85.1912)",297.0,57941.0,2781,1.0,1.0,498.0,55.08,55.08,9.15,0.63,0.54,36.07,21.77,High Demand - Undersupplied,442
324,"Location (35.0912, -85.2237)",117.0,51992.0,2496,1.0,17.0,444.0,49.43,49.44,3.6,0.63,9.17,43.04,21.67,High Demand - Undersupplied,443
183,"Location (35.0733, -85.1997)",229.0,50357.0,2417,3.0,17.0,512.0,47.87,47.87,7.05,1.89,9.17,34.28,21.15,High Demand - Undersupplied,444
366,"Location (35.1449, -85.2405)",95.0,48813.0,2343,1.0,60.0,779.0,46.41,46.41,2.93,0.63,32.36,0.0,20.99,High Demand - Undersupplied,445
126,"Location (35.0871, -85.1891)",292.0,43295.0,2078,9.0,10.0,404.0,41.16,41.16,9.0,5.66,5.15,48.14,20.96,High Demand - Undersupplied,446
87,"Location (35.0681, -85.1478)",375.0,53203.0,2554,2.0,17.0,638.0,50.58,50.58,11.55,1.26,9.17,18.04,20.86,High Demand - Undersupplied,447
215,"Location (35.0695, -85.1516)",206.0,54026.0,2593,4.0,20.0,650.0,51.36,51.36,6.35,2.52,10.52,16.51,20.74,High Demand - Undersupplied,448
180,"Location (35.0911, -85.1313)",231.0,42822.0,2055,1.0,39.0,547.0,40.71,40.7,7.12,0.63,21.04,29.77,20.62,High Demand - Undersupplied,449
132,"Location (35.0592, -85.1893)",286.0,57230.0,2747,1.0,1.0,690.0,54.41,54.41,8.81,0.63,0.54,11.35,19.04,High Demand - Undersupplied,450
212,"Location (35.0624, -85.1295)",207.0,49391.0,2371,1.0,5.0,525.0,46.95,46.96,6.38,0.63,2.7,32.57,19.0,High Demand - Undersupplied,451
257,"Location (35.0748, -85.2029)",178.0,48445.0,2325,2.0,17.0,647.0,46.06,46.05,5.48,1.26,9.17,16.97,18.48,High Demand - Undersupplied,452
185,"Location (35.0558, -85.1319)",227.0,52535.0,2522,1.0,5.0,652.0,49.94,49.95,6.99,0.63,2.7,16.24,18.36,High Demand - Undersupplied,453
429,"Location (35.0557, -85.1862)",59.0,57161.0,2744,1.0,1.0,755.0,54.34,54.35,1.82,0.63,0.54,3.07,17.15,High Demand - Undersupplied,454
56,"Location (35.0567, -85.1286)",494.0,48643.0,2335,1.0,5.0,761.0,46.24,46.25,15.22,0.63,2.7,2.29,17.08,High Demand - Undersupplied,455
229,Oakwood Baptist Church Parking Lot,197.0,47395.0,2275,3.0,15.0,733.0,45.06,45.06,6.07,1.89,7.91,5.86,17.07,High Demand - Undersupplied,456
344,"Location (35.0891, -85.1773)",108.0,38046.0,1826,4.0,10.0,485.0,36.17,36.17,3.33,2.52,5.26,37.72,16.8,High Demand - Undersupplied,457
343,"Location (35.0770, -85.2041)",108.0,45829.0,2200,2.0,14.0,771.0,43.57,43.57,3.33,1.26,7.28,0.97,15.44,High Demand - Undersupplied,458
