parking_id,name,distance_to_vw_m,num_stops,total_daily_trips,num_routes,nearest_stop_distance_m,stops_score,frequency_score,reliability_score,proximity_score,diversity_score,distance_score,accessibility_score,service_quality,reliability_class,rank_moderate
337,"Location (35.0483, -85.3062)",16332.16557027244,159,24077,12,99,100.0,100.0,100.0,87.29,100.0,86.68,98.09,Excellent - High Frequency,High Reliability,1
417,"Location (35.0476, -85.3068)",16400.49522657566,156,23988,12,107,98.11,99.63,100.0,86.26,100.0,86.0,97.36,Excellent - High Frequency,High Reliability,2
358,"Location (35.0465, -85.3051)",16278.823650005299,153,22998,12,67,96.23,95.52,100.0,91.4,100.0,87.21,96.42,Excellent - High Frequency,High Reliability,3
389,"Location (35.0468, -85.3080)",16529.77547474899,155,23583,12,130,97.48,97.95,100.0,83.31,100.0,84.7,96.25,Excellent - High Frequency,High Reliability,4
305,"Location (35.0463, -85.3099)",16707.881492106386,141,22428,11,49,88.68,93.15,100.0,93.71,91.67,82.92,93.34,Excellent - High Frequency,High Reliability,5
205,"Location (35.0463, -85.3041)",16187.624910242865,141,21869,11,58,88.68,90.83,100.0,92.55,91.67,88.12,92.47,Excellent - High Frequency,High Reliability,6
320,"Location (35.0453, -85.3062)",16404.347568691006,138,21775,11,70,86.79,90.44,100.0,91.01,91.67,85.96,91.65,Excellent - High Frequency,High Reliability,7
295,"Location (35.0444, -85.3099)",16751.50025168177,134,21351,11,39,84.28,88.68,100.0,94.99,91.67,82.48,91.09,Excellent - High Frequency,High Reliability,8
382,"Location (35.0484, -85.3041)",16145.832784750124,142,20169,12,88,89.31,83.77,100.0,88.7,100.0,88.54,90.76,Excellent - High Frequency,High Reliability,9
435,"Location (35.0490, -85.3042)",16138.977126095268,144,19908,12,107,90.57,82.68,100.0,86.26,100.0,88.61,90.39,Excellent - High Frequency,High Reliability,10
456,"Location (35.0488, -85.3039)",16113.818764930795,142,19451,12,78,89.31,80.79,100.0,89.99,100.0,88.86,90.06,Excellent - High Frequency,High Reliability,11
415,"Location (35.0439, -85.3057)",16388.399951156578,131,21100,11,52,82.39,87.64,100.0,93.32,91.67,86.12,90.05,Excellent - High Frequency,High Reliability,12
313,"Location (35.0429, -85.3052)",16369.717616531281,132,20894,11,48,83.02,86.78,100.0,93.84,91.67,86.3,90.03,Excellent - High Frequency,High Reliability,13
252,"Location (35.0477, -85.3121)",16874.41713334078,137,20898,12,134,86.16,86.8,100.0,82.8,100.0,81.26,90.0,Excellent - High Frequency,High Reliability,14
308,"Location (35.0493, -85.3052)",16222.267759599044,143,21178,12,205,89.94,87.96,100.0,73.68,100.0,87.78,89.92,Excellent - High Frequency,High Reliability,15
364,"Location (35.0457, -85.3027)",16078.938046338448,135,19882,12,71,84.91,82.58,100.0,90.89,100.0,89.21,89.63,Excellent - High Frequency,High Reliability,16
328,"Location (35.0452, -85.3124)",16960.252532299142,134,20501,11,71,84.28,85.15,100.0,90.89,91.67,80.4,89.41,Excellent - High Frequency,High Reliability,17
453,"Location (35.0450, -85.3115)",16876.701925648158,129,20010,11,38,81.13,83.11,100.0,95.12,91.67,81.23,88.65,Excellent - High Frequency,High Reliability,18
290,"Location (35.0503, -85.3092)",16557.278339854693,122,20126,12,42,76.73,83.59,100.0,94.61,100.0,84.43,88.45,Excellent - High Frequency,High Reliability,19
292,"Location (35.0443, -85.3118)",16927.433058822888,130,19828,11,47,81.76,82.35,100.0,93.97,91.67,80.73,88.41,Excellent - High Frequency,High Reliability,20
345,"Location (35.0503, -85.3088)",16525.463031721294,123,20271,12,73,77.36,84.19,100.0,90.63,100.0,84.75,88.19,Excellent - High Frequency,High Reliability,21
338,"Location (35.0437, -85.3047)",16308.49029452376,126,20218,11,58,79.25,83.97,100.0,92.55,91.67,86.92,88.05,Excellent - High Frequency,High Reliability,22
403,"Location (35.0458, -85.3032)",16122.22954416108,134,19532,11,81,84.28,81.12,100.0,89.6,91.67,88.78,88.01,Excellent - High Frequency,High Reliability,23
61,"Location (35.0417, -85.3073)",16587.101551142212,138,19896,10,114,86.79,82.63,100.0,85.37,83.33,84.13,87.63,Excellent - High Frequency,High Reliability,24
434,"Location (35.0463, -85.3123)",16919.713707409188,133,20235,11,159,83.65,84.04,100.0,79.59,91.67,80.8,87.23,Excellent - High Frequency,High Reliability,25
383,"Location (35.0446, -85.3130)",17019.948841998597,126,19118,11,63,79.25,79.4,100.0,91.91,91.67,79.8,86.59,Excellent - High Frequency,High Reliability,26
113,"Location (35.0468, -85.3023)",16015.371946716066,132,17283,12,59,83.02,71.78,100.0,92.43,100.0,89.85,86.15,Excellent - High Frequency,High Reliability,27
310,Unum,16181.457574197351,133,18990,12,208,83.65,78.87,100.0,73.3,100.0,88.19,85.57,Excellent - High Frequency,High Reliability,28
363,"Location (35.0497, -85.3039)",16096.553826358062,134,17158,12,113,84.28,71.26,100.0,85.49,100.0,89.03,85.27,Excellent - High Frequency,High Reliability,29
425,"Location (35.0407, -85.3074)",16623.082664037836,128,18252,10,64,80.5,75.81,100.0,91.78,83.33,83.77,84.97,Excellent - High Frequency,High Reliability,30
451,"Location (35.0410, -85.3059)",16484.3024649258,133,18845,10,157,83.65,78.27,100.0,79.85,83.33,85.16,84.7,Excellent - High Frequency,High Reliability,31
448,"Location (35.0480, -85.3132)",16969.271018552554,123,19435,12,230,77.36,80.72,100.0,70.47,100.0,80.31,84.13,Excellent - High Frequency,High Reliability,32
381,"Location (35.0495, -85.3031)",16029.088627632473,123,15961,12,62,77.36,66.29,100.0,92.04,100.0,89.71,83.03,Excellent - High Frequency,High Reliability,33
449,"Location (35.0507, -85.3113)",16736.968889428194,104,17817,12,45,65.41,74.0,100.0,94.22,100.0,82.63,82.69,Excellent - High Frequency,High Reliability,34
298,"Location (35.0400, -85.3066)",16568.501956752803,125,16957,10,105,78.62,70.43,100.0,86.52,83.33,84.31,82.09,Excellent - High Frequency,High Reliability,35
283,"Location (35.0485, -85.3134)",16978.071487409667,116,18541,12,253,72.96,77.01,100.0,67.52,100.0,80.22,81.47,Excellent - High Frequency,High Reliability,36
367,"Location (35.0508, -85.3045)",16130.691964812297,117,16396,11,150,73.58,68.1,100.0,80.74,91.67,88.69,80.1,Excellent - High Frequency,High Reliability,37
406,"Location (35.0507, -85.3050)",16177.330964942808,118,16275,11,166,74.21,67.6,100.0,78.69,91.67,88.23,79.8,Excellent - High Frequency,High Reliability,38
422,"Location (35.0512, -85.3101)",16628.625284649537,102,15720,11,30,64.15,65.29,100.0,96.15,91.67,83.71,79.21,Excellent - High Frequency,High Reliability,39
419,"Location (35.0493, -85.3135)",16968.231163954893,107,17776,12,252,67.3,73.83,100.0,67.65,100.0,80.32,79.12,Excellent - High Frequency,High Reliability,40
321,"Location (35.0476, -85.3019)",15966.306868863656,116,13922,12,92,72.96,57.82,100.0,88.19,100.0,90.34,78.81,Excellent - High Frequency,High Reliability,41
404,"Location (35.0420, -85.3024)",16148.626481685827,112,14801,10,38,70.44,61.47,100.0,95.12,83.33,88.51,78.65,Excellent - High Frequency,High Reliability,42
242,"Location (35.0389, -85.3084)",16760.843058359744,114,15231,10,92,71.7,63.26,100.0,88.19,83.33,82.39,78.46,Excellent - High Frequency,High Reliability,43
125,"Location (35.0516, -85.3070)",16337.989328924748,105,15038,11,72,66.04,62.46,100.0,90.76,91.67,86.62,78.03,Excellent - High Frequency,High Reliability,44
249,"Location (35.0405, -85.3140)",17211.462347659683,104,15602,10,77,65.41,64.8,100.0,90.12,83.33,77.89,77.64,Excellent - High Frequency,High Reliability,45
331,"Location (35.0399, -85.3122)",17071.805458025196,112,15733,10,182,70.44,65.34,100.0,76.64,83.33,79.28,77.04,Excellent - High Frequency,High Reliability,46
157,"Location (35.0387, -85.3114)",17034.869119738145,104,14582,10,72,65.41,60.56,100.0,90.76,83.33,79.65,76.47,Excellent - High Frequency,High Reliability,47
267,"Location (35.0507, -85.3124)",16835.740108463662,94,15570,11,144,59.12,64.67,100.0,81.51,91.67,81.64,75.57,Excellent - High Frequency,High Reliability,48
211,"Location (35.0503, -85.3132)",16921.75745981278,99,15952,11,225,62.26,66.25,100.0,71.12,91.67,80.78,75.28,Excellent - High Frequency,High Reliability,49
106,"Location (35.0463, -85.3161)",17263.52935324641,85,14658,11,201,53.46,60.88,100.0,74.2,91.67,77.36,71.93,Excellent - High Frequency,High Reliability,50
431,48,15916.949367174317,96,10021,11,50,60.38,41.62,100.0,93.58,91.67,90.83,70.78,Excellent - High Frequency,High Reliability,51
341,"Location (35.0373, -85.3118)",17108.255638288698,88,11642,9,55,55.35,48.35,100.0,92.94,75.0,78.92,69.78,Excellent - High Frequency,High Reliability,52
317,"Location (35.0377, -85.3131)",17212.887363914637,85,11981,9,77,53.46,49.76,100.0,90.12,75.0,77.87,69.31,Excellent - High Frequency,High Reliability,53
25,"Location (35.0486, -85.3163)",17232.03275302098,85,14433,10,299,53.46,59.95,100.0,61.62,83.33,77.68,68.92,Excellent - High Frequency,High Reliability,54
322,"Location (35.0542, -85.3069)",16281.397583265654,79,10979,11,79,49.69,45.6,100.0,89.86,91.67,87.19,68.75,Excellent - High Frequency,High Reliability,55
137,"Location (35.0505, -85.3152)",17093.898998065302,86,13831,11,376,54.09,57.44,100.0,51.73,91.67,79.06,67.68,Excellent - High Frequency,High Reliability,56
385,"Location (35.0453, -85.2959)",15487.343342288783,75,9279,11,71,47.17,38.54,100.0,90.89,91.67,95.13,66.15,Excellent - High Frequency,High Reliability,57
287,"Location (35.0529, -85.3128)",16839.151817133115,69,10582,11,111,43.4,43.95,100.0,85.75,91.67,81.61,66.06,Excellent - High Frequency,High Reliability,58
347,"Location (35.0544, -85.3102)",16575.195954255156,65,9549,11,43,40.88,39.66,100.0,94.48,91.67,84.25,65.46,Excellent - High Frequency,High Reliability,59
373,"Location (35.0540, -85.3125)",16785.73066389898,65,9814,11,105,40.88,40.76,100.0,86.52,91.67,82.14,64.59,Excellent - High Frequency,High Reliability,60
160,"Location (35.0471, -85.3177)",17390.384389220973,61,10847,10,100,38.36,45.05,100.0,87.16,83.33,76.1,64.51,Excellent - High Frequency,High Reliability,61
18,"Location (35.0379, -85.3148)",17355.78547869321,74,10490,8,100,46.54,43.57,100.0,87.16,66.67,76.44,64.45,Excellent - High Frequency,High Reliability,62
191,"Location (35.0469, -85.2948)",15347.210663359187,63,8819,11,45,39.62,36.63,100.0,94.22,91.67,96.53,64.19,Excellent - High Frequency,High Reliability,63
224,"Location (35.0470, -85.2966)",15500.740469863349,67,8902,11,138,42.14,36.97,100.0,82.28,91.67,94.99,63.14,Excellent - High Frequency,High Reliability,64
372,"Location (35.0364, -85.3057)",16594.150167871016,83,8474,7,95,52.2,35.2,100.0,87.8,58.33,84.06,62.61,Excellent - High Frequency,High Reliability,65
405,"Location (35.0361, -85.3092)",16916.238030758424,79,8500,7,78,49.69,35.3,100.0,89.99,58.33,80.84,62.34,Excellent - High Frequency,High Reliability,66
327,"Location (35.0551, -85.3114)",16669.476794884038,60,8848,10,86,37.74,36.75,100.0,88.96,83.33,83.31,62.14,Excellent - High Frequency,High Reliability,67
268,"Location (35.0417, -85.2999)",15931.2022056516,78,8953,6,74,49.06,37.18,100.0,90.5,50.0,90.69,61.99,Excellent - High Frequency,High Reliability,68
284,33,15640.676874620724,57,7558,11,64,35.85,31.39,100.0,91.78,91.67,93.59,61.31,Excellent - High Frequency,High Reliability,69
371,"Location (35.0433, -85.2963)",15569.144624893748,66,7684,9,71,41.51,31.91,100.0,90.89,75.0,94.31,61.08,Excellent - High Frequency,High Reliability,70
352,"Location (35.0362, -85.3051)",16551.349007836325,82,7958,6,93,51.57,33.05,100.0,88.06,50.0,84.49,61.02,Excellent - High Frequency,High Reliability,71
222,32,15746.740184657952,58,7200,11,65,36.48,29.9,100.0,91.66,91.67,92.53,61.01,Excellent - High Frequency,High Reliability,72
255,"Location (35.0490, -85.2944)",15265.89405365675,51,7725,11,61,32.08,32.08,100.0,92.17,91.67,97.34,60.64,Excellent - High Frequency,High Reliability,73
433,"Location (35.0353, -85.3087)",16890.926791164453,73,7841,6,86,45.91,32.57,100.0,88.96,50.0,81.09,59.59,Excellent - High Frequency,High Reliability,74
108,"Location (35.0480, -85.2928)",15139.132416917933,47,7076,10,77,29.56,29.39,100.0,90.12,83.33,98.61,58.06,Excellent - High Frequency,High Reliability,75
395,"Location (35.0428, -85.2917)",15181.34014230995,52,6819,8,79,32.7,28.32,100.0,89.86,66.67,98.19,56.82,Excellent - High Frequency,High Reliability,76
368,"Location (35.0351, -85.3120)",17186.37617956679,59,6231,6,58,37.11,25.88,100.0,92.55,50.0,78.14,55.92,Excellent - High Frequency,High Reliability,77
457,"Location (35.0345, -85.3072)",16784.954608764467,60,6371,6,87,37.74,26.46,100.0,88.83,50.0,82.15,55.7,Excellent - High Frequency,High Reliability,78
369,"Location (35.0353, -85.3131)",17279.71598616369,57,6089,6,53,35.85,25.29,100.0,93.2,50.0,77.2,55.53,Excellent - High Frequency,High Reliability,79
165,"Location (35.0439, -85.2878)",14801.097784879394,42,6034,10,100,26.42,25.06,100.0,87.16,83.33,100.0,55.53,Excellent - High Frequency,High Reliability,80
291,"Location (35.0427, -85.2985)",15778.425307368572,63,6191,5,70,39.62,25.71,100.0,91.01,41.67,92.22,55.44,Excellent - High Frequency,High Reliability,81
197,"Location (35.0457, -85.2877)",14747.400344846877,39,5835,10,89,24.53,24.23,100.0,88.58,83.33,100.0,55.02,Excellent - High Frequency,High Reliability,82
377,"Location (35.0523, -85.2978)",15496.25578278456,42,5594,11,143,26.42,23.23,100.0,81.64,91.67,95.04,54.99,Excellent - High Frequency,High Reliability,83
351,"Location (35.0441, -85.2791)",14033.981735150313,45,3415,9,47,28.3,14.18,100.0,93.97,75.0,100.0,52.93,Excellent - High Frequency,High Reliability,84
446,"Location (35.0412, -85.2989)",15856.884935670714,55,5015,4,42,34.59,20.83,100.0,94.61,33.33,91.43,52.42,Excellent - High Frequency,High Reliability,85
149,"Location (35.0346, -85.2698)",13541.04134113435,74,4040,2,72,46.54,16.78,100.0,90.76,16.67,100.0,51.95,Excellent - High Frequency,High Reliability,86
136,"Location (35.0434, -85.2808)",14206.421505664664,39,3810,9,76,24.53,15.82,100.0,90.24,75.0,100.0,51.92,Excellent - High Frequency,High Reliability,87
73,"Location (35.0339, -85.2680)",13418.500163092833,72,3916,2,63,45.28,16.26,100.0,91.91,16.67,100.0,51.65,Excellent - High Frequency,High Reliability,88
239,"Location (35.0361, -85.2689)",13411.515262954665,77,4163,3,184,48.43,17.29,100.0,76.38,25.0,100.0,51.25,Excellent - High Frequency,High Reliability,89
119,"Location (35.0438, -85.2821)",14308.119153063293,38,3780,9,134,23.9,15.7,100.0,82.8,75.0,100.0,50.6,Excellent - High Frequency,High Reliability,90
52,"Location (35.0554, -85.3148)",16978.534638421217,45,6231,8,353,28.3,25.88,100.0,54.69,66.67,80.21,49.71,Excellent - High Frequency,High Reliability,91
271,"Location (35.0494, -85.2763)",13640.820116451456,33,1813,10,58,20.75,7.53,100.0,92.55,83.33,100.0,49.66,Excellent - High Frequency,High Reliability,92
220,"Location (35.0394, -85.2659)",13026.373818775985,68,2794,3,105,42.77,11.6,100.0,86.52,25.0,100.0,49.65,Excellent - High Frequency,High Reliability,93
60,"Location (35.0346, -85.2663)",13242.823789912638,70,3774,2,183,44.03,15.67,100.0,76.51,16.67,100.0,48.85,Excellent - High Frequency,High Reliability,94
254,"Location (35.0401, -85.2715)",13492.157510081626,59,2810,3,78,37.11,11.67,100.0,89.99,25.0,100.0,48.78,Excellent - High Frequency,High Reliability,95
339,"Location (35.0328, -85.3132)",17365.84540223165,48,3708,3,56,30.19,15.4,100.0,92.81,25.0,76.34,48.59,Excellent - High Frequency,High Reliability,96
458,"Location (35.0308, -85.2699)",13701.862328263749,52,3297,2,60,32.7,13.69,100.0,92.3,16.67,100.0,47.8,Excellent - High Frequency,High Reliability,97
370,"Location (35.0495, -85.2880)",14683.180453394674,29,4896,9,284,18.24,20.33,100.0,63.54,75.0,100.0,47.69,Excellent - High Frequency,High Reliability,98
247,"Location (35.0487, -85.2783)",13834.205633193116,25,1573,9,85,15.72,6.53,100.0,89.09,75.0,100.0,46.75,Excellent - High Frequency,High Reliability,99
270,"Location (35.0349, -85.3148)",17442.139198662375,45,3596,4,166,28.3,14.94,100.0,78.69,33.33,75.58,46.69,Excellent - High Frequency,High Reliability,100
175,"Location (35.0322, -85.2740)",13994.223044589175,45,3292,2,64,28.3,13.67,100.0,91.78,16.67,100.0,46.61,Excellent - High Frequency,High Reliability,101
103,"Location (35.0575, -85.2541)",11473.83984501075,45,1202,3,68,28.3,4.99,100.0,91.27,25.0,100.0,44.76,Excellent - High Frequency,High Reliability,102
265,"Location (35.0373, -85.2639)",12932.748172394337,58,2606,2,244,36.48,10.82,100.0,68.68,16.67,100.0,44.33,Excellent - High Frequency,High Reliability,103
207,"Location (35.0155, -85.3245)",18963.23319039226,35,2610,2,59,22.01,10.84,100.0,92.43,16.67,60.37,44.29,Excellent - High Frequency,High Reliability,104
131,"Location (35.0588, -85.2533)",11376.919740022213,45,1203,3,102,28.3,5.0,100.0,86.91,25.0,100.0,44.11,Excellent - High Frequency,High Reliability,105
282,"Location (35.0090, -85.3241)",19197.613515241574,38,2584,2,103,23.9,10.73,100.0,86.78,16.67,58.02,43.88,Excellent - High Frequency,High Reliability,106
263,"Location (35.0499, -85.2870)",14586.847695785582,23,4158,8,343,14.47,17.27,100.0,55.97,66.67,100.0,43.86,Excellent - High Frequency,High Reliability,107
135,"Location (35.0147, -85.3261)",19127.662927928555,36,2685,2,107,22.64,11.15,100.0,86.26,16.67,58.72,43.61,Excellent - High Frequency,High Reliability,108
326,"Location (35.0632, -85.3081)",16268.503177792434,31,1847,3,59,19.5,7.67,100.0,92.43,25.0,87.31,43.54,Excellent - High Frequency,High Reliability,109
357,"Location (35.0628, -85.3110)",16536.63823343563,32,1885,3,79,20.13,7.83,100.0,89.86,25.0,84.63,43.36,Excellent - High Frequency,High Reliability,110
426,"Location (35.0651, -85.3101)",16430.44332678596,34,1961,3,101,21.38,8.14,100.0,87.03,25.0,85.7,43.34,Excellent - High Frequency,High Reliability,111
447,"Location (35.0628, -85.3062)",16096.551647026326,29,1815,3,55,18.24,7.54,100.0,92.94,25.0,89.03,43.26,Excellent - High Frequency,High Reliability,112
169,"Location (35.0316, -85.3046)",16657.427646026077,46,3525,4,349,28.93,14.64,100.0,55.2,33.33,83.43,43.24,Excellent - High Frequency,High Reliability,113
117,"Location (35.0101, -85.3267)",19372.020127190815,34,2333,2,100,21.38,9.69,100.0,87.16,16.67,56.28,42.99,Excellent - High Frequency,High Reliability,114
110,"Location (35.0308, -85.3055)",16760.93912439189,44,3275,3,299,27.67,13.6,100.0,61.62,25.0,82.39,42.74,Excellent - High Frequency,High Reliability,115
388,"Location (35.0171, -85.3234)",18802.899318131505,29,2111,2,68,18.24,8.77,100.0,91.27,16.67,61.97,42.55,Excellent - High Frequency,High Reliability,116
355,"Location (35.0655, -85.3108)",16488.751324438508,33,1901,3,130,20.75,7.9,100.0,83.31,25.0,85.11,42.55,Excellent - High Frequency,High Reliability,117
380,"Location (35.0619, -85.3081)",16276.017601337511,27,1695,3,73,16.98,7.04,100.0,90.63,25.0,87.24,42.45,Excellent - High Frequency,High Reliability,118
253,"Location (35.0448, -85.3203)",17673.001017576327,22,2452,2,45,13.84,10.18,100.0,94.22,16.67,73.27,42.31,Excellent - High Frequency,High Reliability,119
152,"Location (35.0228, -85.2752)",14501.092639079932,37,2066,2,157,23.27,8.58,100.0,79.85,16.67,100.0,42.04,Excellent - High Frequency,High Reliability,120
65,"Location (35.0632, -85.3147)",16865.957170690413,28,1499,3,92,17.61,6.23,100.0,88.19,25.0,81.34,42.0,Excellent - High Frequency,High Reliability,121
412,"Location (35.0613, -85.3093)",16391.227491708563,31,2087,3,156,19.5,8.67,100.0,79.97,25.0,86.09,41.97,Excellent - High Frequency,High Reliability,122
427,"Location (35.0628, -85.3131)",16725.711027559777,30,1765,3,137,18.87,7.33,100.0,82.41,25.0,82.74,41.78,Excellent - High Frequency,High Reliability,123
309,"Location (35.0601, -85.3027)",15807.737886805033,21,1792,5,159,13.21,7.44,100.0,79.59,41.67,91.92,41.64,Excellent - High Frequency,High Reliability,124
171,"Location (35.0612, -85.3059)",16091.381425005473,25,1809,3,114,15.72,7.51,100.0,85.37,25.0,89.09,41.49,Excellent - High Frequency,High Reliability,125
301,"Location (35.0632, -85.3124)",16654.233453869983,30,1765,3,173,18.87,7.33,100.0,77.79,25.0,83.46,41.08,Excellent - High Frequency,High Reliability,126
176,"Location (35.0433, -85.2582)",12231.87967147341,34,894,1,73,21.38,3.71,100.0,90.63,8.33,100.0,40.89,Excellent - High Frequency,High Reliability,127
21,"Location (35.0295, -85.3069)",16926.71662297923,35,2263,3,258,22.01,9.4,100.0,66.88,25.0,80.73,40.85,Excellent - High Frequency,High Reliability,128
259,"Location (35.0257, -85.2775)",14564.408062248234,28,1570,1,76,17.61,6.52,100.0,90.24,8.33,100.0,40.73,Excellent - High Frequency,High Reliability,129
54,"Location (35.0093, -85.2136)",10668.579077980667,21,2101,1,56,13.21,8.73,100.0,92.81,8.33,100.0,40.67,Excellent - High Frequency,High Reliability,130
420,"Location (35.0127, -85.2288)",11448.484702196187,20,2069,1,49,12.58,8.59,100.0,93.71,8.33,100.0,40.61,Excellent - High Frequency,High Reliability,131
236,"Location (35.0401, -85.2587)",12383.511625571266,31,893,1,67,19.5,3.71,100.0,91.4,8.33,100.0,40.53,Excellent - High Frequency,High Reliability,132
116,"Location (35.0350, -85.3162)",17564.596045063816,36,2395,3,297,22.64,9.95,100.0,61.87,25.0,74.35,40.43,Excellent - High Frequency,High Reliability,133
154,"Location (35.0090, -85.3291)",19614.49139755912,26,1687,1,84,16.35,7.01,100.0,89.22,8.33,53.86,40.41,Excellent - High Frequency,High Reliability,134
445,"Location (35.0103, -85.2197)",10989.04308156252,20,2069,1,61,12.58,8.59,100.0,92.17,8.33,100.0,40.38,Excellent - High Frequency,High Reliability,135
443,"Location (35.0103, -85.2126)",10524.649308311857,22,2205,1,87,13.84,9.16,100.0,88.83,8.33,100.0,40.36,Excellent - High Frequency,High Reliability,136
173,"Location (35.0098, -85.2182)",10923.318282043329,21,2173,1,77,13.21,9.03,100.0,90.12,8.33,100.0,40.36,Excellent - High Frequency,High Reliability,137
213,"Location (35.0624, -85.2982)",15370.97670617565,18,1350,3,88,11.32,5.61,100.0,88.7,25.0,96.29,40.32,Excellent - High Frequency,High Reliability,138
394,"Location (35.0102, -85.2146)",10660.60351397197,24,2412,1,122,15.09,10.02,100.0,84.34,8.33,100.0,40.26,Excellent - High Frequency,High Reliability,139
455,"Location (35.0630, -85.3031)",15816.53309337607,26,1805,3,189,16.35,7.5,100.0,75.74,25.0,91.83,40.2,Excellent - High Frequency,High Reliability,140
279,"Location (35.0411, -85.2619)",12621.061989345246,42,1198,2,238,26.42,4.98,100.0,69.45,16.67,100.0,40.18,Excellent - High Frequency,High Reliability,141
378,"Location (35.0167, -85.2357)",11693.642737458833,20,2070,1,73,12.58,8.6,100.0,90.63,8.33,100.0,40.15,Excellent - High Frequency,High Reliability,142
145,"Location (35.0679, -85.3144)",16800.660302076376,24,1027,2,82,15.09,4.27,100.0,89.47,16.67,81.99,40.14,Excellent - High Frequency,High Reliability,143
245,"Location (35.0194, -85.2396)",11817.474982558093,18,1864,1,51,11.32,7.74,100.0,93.45,8.33,100.0,40.0,Excellent - High Frequency,High Reliability,144
227,"Location (34.9871, -85.2876)",17454.508944879137,21,1230,2,82,13.21,5.11,100.0,89.47,16.67,75.45,39.92,Excellent - High Frequency,High Reliability,145
120,"Location (35.0456, -85.2590)",12225.56343242518,41,1073,1,192,25.79,4.46,100.0,75.35,8.33,100.0,39.92,Excellent - High Frequency,High Reliability,146
261,"Location (35.0224, -85.2433)",11928.26811832894,18,1818,1,57,11.32,7.55,100.0,92.68,8.33,100.0,39.83,Excellent - High Frequency,High Reliability,147
315,"Location (35.0109, -85.2239)",11238.202245081304,20,2069,1,95,12.58,8.59,100.0,87.8,8.33,100.0,39.73,Excellent - High Frequency,High Reliability,148
59,"Location (35.0243, -85.2452)",11974.843702041577,19,1922,1,78,11.95,7.98,100.0,89.99,8.33,100.0,39.71,Excellent - High Frequency,High Reliability,149
277,"Location (35.0149, -85.2092)",9943.447636659916,16,1584,1,37,10.06,6.58,100.0,95.25,8.33,100.0,39.61,Excellent - High Frequency,High Reliability,150
444,"Location (35.0226, -85.3200)",18303.894767335743,26,1756,2,182,16.35,7.29,100.0,76.64,16.67,66.96,39.44,Excellent - High Frequency,High Reliability,151
158,"Location (35.0185, -85.2388)",11810.946270524515,19,1967,1,96,11.95,8.17,100.0,87.68,8.33,100.0,39.42,Excellent - High Frequency,High Reliability,152
85,"Location (35.1065, -85.2718)",13287.58221223627,19,1140,1,47,11.95,4.73,100.0,93.97,8.33,100.0,39.34,Excellent - High Frequency,High Reliability,153
77,"Location (35.0373, -85.3177)",17625.92462199118,33,2077,3,312,20.75,8.63,100.0,59.95,25.0,73.74,39.27,Excellent - High Frequency,High Reliability,154
133,"Location (35.0580, -85.2772)",13536.43498529075,10,381,5,101,6.29,1.58,100.0,87.03,41.67,100.0,39.27,Excellent - High Frequency,High Reliability,155
416,"Location (35.0116, -85.2134)",10477.343419158178,22,2205,1,145,13.84,9.16,100.0,81.39,8.33,100.0,39.25,Excellent - High Frequency,High Reliability,156
349,"Location (35.1020, -85.2747)",13433.810699797194,17,1020,1,30,10.69,4.24,100.0,96.15,8.33,100.0,39.2,Excellent - High Frequency,High Reliability,157
439,"Location (35.0686, -85.2890)",14477.474986544785,18,1080,1,45,11.32,4.49,100.0,94.22,8.33,100.0,39.14,Excellent - High Frequency,High Reliability,158
127,"Location (35.0068, -85.2108)",10687.297546426966,14,1449,1,46,8.81,6.02,100.0,94.09,8.33,100.0,38.95,Excellent - High Frequency,High Reliability,159
91,"Location (35.0241, -85.2913)",15788.482377443996,35,1134,1,208,22.01,4.71,100.0,73.3,8.33,92.12,38.74,Excellent - High Frequency,High Reliability,160
399,"Location (35.0690, -85.2886)",14443.415070734227,18,1080,1,69,11.32,4.49,100.0,91.14,8.33,100.0,38.68,Excellent - High Frequency,High Reliability,161
36,"Location (35.0142, -85.2121)",10189.562171026239,19,1895,1,133,11.95,7.87,100.0,82.93,8.33,100.0,38.62,Excellent - High Frequency,High Reliability,162
408,"Location (35.0106, -85.2120)",10459.300858903674,20,1998,1,154,12.58,8.3,100.0,80.23,8.33,100.0,38.5,Excellent - High Frequency,High Reliability,163
374,"Location (35.1132, -85.2641)",12820.293326134364,16,960,1,59,10.06,3.99,100.0,92.43,8.33,100.0,38.41,Excellent - High Frequency,High Reliability,164
260,"Location (35.0441, -85.2600)",12359.246070143075,39,967,1,251,24.53,4.02,100.0,67.78,8.33,100.0,38.34,Excellent - High Frequency,High Reliability,165
142,"Location (35.0196, -85.3137)",17882.451680494763,23,1517,1,159,14.47,6.3,100.0,79.59,8.33,71.18,38.28,Excellent - High Frequency,High Reliability,166
392,"Location (35.0484, -85.3204)",17604.464856874467,14,839,1,43,8.81,3.48,100.0,94.48,8.33,73.96,38.25,Excellent - High Frequency,High Reliability,167
232,"Location (35.0205, -85.2881)",15675.53960456273,20,360,1,63,12.58,1.5,100.0,91.91,8.33,93.24,38.21,Excellent - High Frequency,High Reliability,168
436,"Location (35.0614, -85.2981)",15378.775576446165,17,1290,3,187,10.69,5.36,100.0,75.99,25.0,96.21,38.18,Excellent - High Frequency,High Reliability,169
421,"Location (35.0266, -85.2538)",12555.274696726949,12,1196,1,67,7.55,4.97,100.0,91.4,8.33,100.0,37.92,Excellent - High Frequency,High Reliability,170
285,"Location (35.0251, -85.3177)",18011.65856650357,14,764,1,60,8.81,3.17,100.0,92.3,8.33,69.88,37.83,Excellent - High Frequency,High Reliability,171
97,"Location (35.0210, -85.2908)",15882.663851895335,21,378,1,94,13.21,1.57,100.0,87.93,8.33,91.17,37.8,Excellent - High Frequency,High Reliability,172
28,"Location (35.0404, -85.3213)",17860.43358914865,20,1270,1,144,12.58,5.27,100.0,81.51,8.33,71.4,37.79,Excellent - High Frequency,High Reliability,173
244,"Location (35.1181, -85.2505)",11852.18220719251,15,900,1,90,9.43,3.74,100.0,88.45,8.33,100.0,37.58,Excellent - High Frequency,High Reliability,174
401,"Location (35.1014, -85.2741)",13369.787039538222,16,960,1,105,10.06,3.99,100.0,86.52,8.33,100.0,37.52,Excellent - High Frequency,High Reliability,175
226,"Location (35.0600, -85.3011)",15670.64515219331,20,1536,3,266,12.58,6.38,100.0,65.85,25.0,93.29,37.44,Excellent - High Frequency,High Reliability,176
128,"Location (35.0543, -85.2811)",13962.038792774112,11,337,4,160,6.92,1.4,100.0,79.46,33.33,100.0,37.4,Excellent - High Frequency,High Reliability,177
75,"Location (35.0366, -85.1597)",5209.900613742207,10,1138,1,75,6.29,4.73,100.0,90.37,8.33,65.12,37.38,Excellent - High Frequency,High Reliability,178
67,"Location (35.0378, -85.2588)",12478.18452894339,28,988,1,215,17.61,4.1,100.0,72.4,8.33,100.0,37.33,Excellent - High Frequency,High Reliability,179
307,"Location (35.0469, -85.3216)",17738.398645266854,16,965,1,119,10.06,4.01,100.0,84.72,8.33,72.62,37.26,Excellent - High Frequency,High Reliability,180
96,"Location (35.0152, -85.2073)",9794.010470838497,13,1274,1,120,8.18,5.29,100.0,84.6,8.33,100.0,37.15,Excellent - High Frequency,High Reliability,181
266,"Location (35.0807, -85.2638)",12161.83906663383,8,212,2,56,5.03,0.88,100.0,92.81,16.67,100.0,37.11,Excellent - High Frequency,High Reliability,182
178,"Location (35.0213, -85.3238)",18675.929195071178,26,1782,2,308,16.35,7.4,100.0,60.46,16.67,63.24,37.04,Excellent - High Frequency,High Reliability,183
7,"Location (35.0098, -85.2057)",10122.094320735687,15,1480,1,158,9.43,6.15,100.0,79.72,8.33,100.0,36.99,Excellent - High Frequency,High Reliability,184
179,"Location (35.0484, -85.3213)",17681.806328254428,14,839,1,114,8.81,3.48,100.0,85.37,8.33,73.18,36.88,Excellent - High Frequency,High Reliability,185
214,"Location (35.0229, -85.2482)",12298.450923569515,18,1818,1,217,11.32,7.55,100.0,72.14,8.33,100.0,36.75,Excellent - High Frequency,High Reliability,186
20,Hixson Plaza,12692.86383898339,13,780,1,114,8.18,3.24,100.0,85.37,8.33,100.0,36.65,Excellent - High Frequency,High Reliability,187
41,"Location (35.0119, -85.2118)",10348.457393685041,21,2101,1,270,13.21,8.73,100.0,65.34,8.33,100.0,36.55,Excellent - High Frequency,High Reliability,188
151,"Location (35.1293, -85.2475)",12135.321891554366,11,674,1,100,6.92,2.8,100.0,87.16,8.33,100.0,36.48,Excellent - High Frequency,High Reliability,189
206,"Location (35.0782, -85.2666)",12411.93984164174,7,194,2,87,4.4,0.81,100.0,88.83,16.67,100.0,36.33,Excellent - High Frequency,High Reliability,190
38,"Location (35.0084, -85.2163)",10911.536282753124,19,1966,1,261,11.95,8.17,100.0,66.5,8.33,100.0,36.24,Excellent - High Frequency,High Reliability,191
297,"Location (35.0565, -85.2797)",13787.75021527356,7,173,3,135,4.4,0.72,100.0,82.67,25.0,100.0,36.22,Excellent - High Frequency,High Reliability,192
243,"Location (35.1330, -85.2406)",11803.274990713064,5,360,1,46,3.14,1.5,100.0,94.09,8.33,100.0,36.18,Excellent - High Frequency,High Reliability,193
302,"Location (35.0072, -85.2079)",10470.405637369466,11,1138,1,158,6.92,4.73,100.0,79.72,8.33,100.0,35.94,Excellent - High Frequency,High Reliability,194
210,"Location (35.0323, -85.1595)",5612.268163857909,4,518,1,74,2.52,2.15,100.0,90.5,8.33,70.15,35.68,Excellent - High Frequency,High Reliability,195
231,"Location (35.0061, -85.2141)",10950.245230460316,17,1760,1,263,10.69,7.31,100.0,66.24,8.33,100.0,35.64,Excellent - High Frequency,High Reliability,196
5,"Location (34.9952, -85.3113)",18821.777424536063,22,1650,1,310,13.84,6.85,100.0,60.21,8.33,61.78,35.38,Excellent - High Frequency,High Reliability,197
269,"Location (35.0245, -85.3113)",17485.106873188568,16,992,1,219,10.06,4.12,100.0,71.89,8.33,75.15,35.37,Excellent - High Frequency,High Reliability,198
34,"Location (35.1296, -85.2415)",11679.814236324572,7,434,1,110,4.4,1.8,100.0,85.88,8.33,100.0,35.36,Excellent - High Frequency,High Reliability,199
48,"Location (35.0574, -85.2803)",13832.775324212795,5,141,3,167,3.14,0.59,100.0,78.56,25.0,100.0,35.25,Excellent - High Frequency,High Reliability,200
238,"Location (35.1338, -85.2408)",11859.667775190463,6,420,1,110,3.77,1.74,100.0,85.88,8.33,100.0,35.18,Excellent - High Frequency,High Reliability,201
12,"Location (35.0266, -85.1941)",8049.539458071221,10,1034,1,183,6.29,4.29,100.0,76.51,8.33,100.0,35.17,Excellent - High Frequency,High Reliability,202
356,"Location (35.0318, -85.1846)",7022.89688145134,8,827,1,155,5.03,3.43,100.0,80.1,8.33,87.79,35.14,Excellent - High Frequency,High Reliability,203
17,"Location (35.0321, -85.1578)",5561.960860268819,5,622,1,117,3.14,2.58,100.0,84.98,8.33,69.52,35.14,Excellent - High Frequency,High Reliability,204
198,"Location (35.0546, -85.2827)",14097.194634948855,8,238,3,206,5.03,0.99,100.0,73.56,25.0,100.0,35.09,Excellent - High Frequency,High Reliability,205
294,"Location (35.0499, -85.3206)",17589.265226945787,11,650,1,173,6.92,2.7,100.0,77.79,8.33,74.11,35.04,Excellent - High Frequency,High Reliability,206
31,"Location (35.0462, -85.3227)",17859.26257989557,16,965,1,244,10.06,4.01,100.0,68.68,8.33,71.41,34.85,Excellent - High Frequency,High Reliability,207
423,"Location (35.0323, -85.1858)",7061.071476816894,9,931,1,189,5.66,3.87,100.0,75.74,8.33,88.26,34.77,Excellent - High Frequency,High Reliability,208
95,"Location (35.0369, -85.1581)",5101.151819356967,10,1138,1,217,6.29,4.73,100.0,72.14,8.33,63.76,34.65,Excellent - High Frequency,High Reliability,209
230,"Location (35.1320, -85.2399)",11693.430679578463,4,300,1,129,2.52,1.25,100.0,83.44,8.33,100.0,34.35,Excellent - High Frequency,High Reliability,210
58,"Location (35.0353, -85.1609)",5385.073552751115,6,724,1,177,3.77,3.01,100.0,77.28,8.33,67.31,34.27,Excellent - High Frequency,High Reliability,211
365,"Location (35.0652, -85.2739)",13135.479297649694,7,169,2,197,4.4,0.7,100.0,74.71,16.67,100.0,34.18,Excellent - High Frequency,High Reliability,212
35,"Location (35.1314, -85.2414)",11770.766305639338,5,314,1,158,3.14,1.3,100.0,79.72,8.33,100.0,33.97,Excellent - High Frequency,High Reliability,213
81,"Location (35.0743, -85.1868)",5134.277190232825,8,136,1,171,5.03,0.56,100.0,78.05,8.33,64.18,33.97,Excellent - High Frequency,High Reliability,214
196,"Location (35.1336, -85.2397)",11768.734524876905,3,240,1,146,1.89,1.0,100.0,81.26,8.33,100.0,33.79,Excellent - High Frequency,High Reliability,215
115,"Location (35.0331, -85.1567)",5416.221546708479,6,725,1,236,3.77,3.01,100.0,69.7,8.33,67.7,33.14,Excellent - High Frequency,High Reliability,216
156,"Location (35.0327, -85.1841)",6921.977172744164,8,827,1,263,5.03,3.43,100.0,66.24,8.33,86.52,33.06,Excellent - High Frequency,High Reliability,217
90,Highland Plaza,12767.793759533346,2,120,1,170,1.26,0.5,100.0,78.18,8.33,100.0,33.02,Excellent - High Frequency,Moderate Reliability,218
13,"Location (35.1397, -85.2457)",12593.87923343029,2,120,1,174,1.26,0.5,100.0,77.66,8.33,100.0,32.95,Excellent - High Frequency,Moderate Reliability,219
29,"Location (35.0365, -85.1552)",5012.728347499456,9,1035,1,293,5.66,4.3,100.0,62.39,8.33,62.66,32.9,Excellent - High Frequency,High Reliability,220
219,"Location (35.0754, -85.2644)",12207.120358534537,8,226,2,291,5.03,0.94,100.0,62.64,16.67,100.0,32.6,Excellent - High Frequency,High Reliability,221
42,"Location (35.0338, -85.1606)",5512.802843370634,5,621,1,268,3.14,2.58,100.0,65.6,8.33,68.91,32.23,Excellent - High Frequency,High Reliability,222
70,"Location (35.1287, -85.2380)",11352.004533771475,4,300,1,249,2.52,1.25,100.0,68.04,8.33,100.0,32.04,Excellent - High Frequency,High Reliability,223
16,"Location (35.1371, -85.2424)",12191.700807045909,3,180,1,234,1.89,0.75,100.0,69.96,8.33,100.0,32.02,Excellent - High Frequency,High Reliability,224
126,"Location (35.0871, -85.1891)",5457.218692976104,9,86,1,70,5.66,0.36,80.0,91.01,8.33,68.22,32.01,Good - Moderate Frequency,High Reliability,225
187,"Location (35.1345, -85.2393)",11793.705698179541,3,240,1,244,1.89,1.0,100.0,68.68,8.33,100.0,31.91,Excellent - High Frequency,High Reliability,226
218,"Location (35.1003, -85.2398)",10292.807598783485,4,96,2,94,2.52,0.4,80.0,87.93,16.67,100.0,31.61,Good - Moderate Frequency,High Reliability,227
10,"Location (35.0348, -85.1568)",5249.99127523449,7,828,1,338,4.4,3.44,100.0,56.61,8.33,65.62,31.46,Excellent - High Frequency,High Reliability,228
49,"Location (35.1323, -85.2382)",11577.988512018781,2,180,1,259,1.26,0.75,100.0,66.75,8.33,100.0,31.38,Excellent - High Frequency,Moderate Reliability,229
195,"Location (35.1310, -85.2387)",11537.731296544687,4,300,1,290,2.52,1.25,100.0,62.77,8.33,100.0,31.25,Excellent - High Frequency,High Reliability,230
118,"Location (35.0641, -85.2729)",13064.058987025759,5,92,2,123,3.14,0.38,80.0,84.21,16.67,100.0,31.2,Good - Moderate Frequency,High Reliability,231
86,"Location (35.1268, -85.2384)",11284.862676867533,5,314,1,306,3.14,1.3,100.0,60.72,8.33,100.0,31.12,Excellent - High Frequency,High Reliability,232
217,"Location (35.0152, -85.2208)",10713.627930885033,17,1758,1,509,10.69,7.3,100.0,34.66,8.33,100.0,30.9,Excellent - High Frequency,High Reliability,233
202,"Location (35.0730, -85.2366)",9682.087855690073,8,75,1,122,5.03,0.31,80.0,84.34,8.33,100.0,30.84,Good - Moderate Frequency,High Reliability,234
15,"Location (35.1343, -85.2443)",12168.104799504843,6,420,1,348,3.77,1.74,100.0,55.33,8.33,100.0,30.6,Excellent - High Frequency,High Reliability,235
47,"Location (35.1304, -85.2379)",11438.144834532799,2,180,1,311,1.26,0.75,100.0,60.08,8.33,100.0,30.38,Excellent - High Frequency,Moderate Reliability,236
57,"Location (35.1355, -85.2454)",12323.355336348768,5,300,1,346,3.14,1.25,100.0,55.58,8.33,100.0,30.33,Excellent - High Frequency,High Reliability,237
256,"Location (35.0625, -85.2756)",13327.394721544599,3,56,2,175,1.89,0.23,80.0,77.54,16.67,100.0,29.84,Good - Moderate Frequency,High Reliability,238
53,"Location (35.0985, -85.2375)",10038.740364563904,4,96,2,195,2.52,0.4,80.0,74.97,16.67,100.0,29.66,Good - Moderate Frequency,High Reliability,239
362,"Location (35.0056, -85.2211)",11438.427933220059,12,1242,1,505,7.55,5.16,100.0,35.17,8.33,100.0,29.54,Excellent - High Frequency,High Reliability,240
82,"Location (35.0981, -85.2447)",10668.924524613412,4,96,2,213,2.52,0.4,80.0,72.66,16.67,100.0,29.31,Good - Moderate Frequency,High Reliability,241
250,"Location (35.0055, -85.2228)",11565.609490025465,13,1345,1,542,8.18,5.59,100.0,30.42,8.33,100.0,29.12,Excellent - High Frequency,High Reliability,242
72,"Location (35.0985, -85.2411)",10359.342609290978,4,96,2,229,2.52,0.4,80.0,70.6,16.67,100.0,29.01,Good - Moderate Frequency,High Reliability,243
166,"Location (35.1325, -85.2367)",11471.784594175695,2,180,1,395,1.26,0.75,100.0,49.29,8.33,100.0,28.77,Excellent - High Frequency,Moderate Reliability,244
46,"Location (35.1015, -85.2385)",10209.529541382672,3,64,1,199,1.89,0.27,80.0,74.45,8.33,100.0,28.55,Good - Moderate Frequency,High Reliability,245
162,"Location (35.0554, -85.2832)",14122.512198025344,3,80,1,206,1.89,0.33,80.0,73.56,8.33,100.0,28.44,Good - Moderate Frequency,High Reliability,246
2,"Location (35.1132, -85.2471)",11364.192388386673,7,420,1,479,4.4,1.74,100.0,38.51,8.33,100.0,28.23,Excellent - High Frequency,High Reliability,247
376,"Location (35.0964, -85.2532)",11394.525841731122,4,96,2,289,2.52,0.4,80.0,62.9,16.67,100.0,27.85,Good - Moderate Frequency,High Reliability,248
303,"Location (35.0959, -85.2549)",11535.472456274978,4,81,2,289,2.52,0.34,80.0,62.9,16.67,100.0,27.83,Good - Moderate Frequency,High Reliability,249
98,"Location (35.1246, -85.2392)",11229.39560924146,5,314,1,488,3.14,1.3,100.0,37.36,8.33,100.0,27.61,Excellent - High Frequency,High Reliability,250
293,"Location (35.1237, -85.2408)",11308.579966236304,12,734,1,573,7.55,3.05,100.0,26.44,8.33,100.0,27.6,Excellent - High Frequency,High Reliability,251
144,"Location (35.0997, -85.2429)",10546.21739821448,4,96,2,353,2.52,0.4,80.0,54.69,16.67,100.0,26.62,Good - Moderate Frequency,High Reliability,252
258,"Location (35.0114, -85.2393)",12299.5652353923,9,932,1,620,5.66,3.87,100.0,20.41,8.33,100.0,26.47,Excellent - High Frequency,High Reliability,253
359,"Location (35.0308, -85.1743)",6488.098468502101,5,517,1,568,3.14,2.15,100.0,27.09,8.33,81.1,26.33,Excellent - High Frequency,High Reliability,254
148,"Location (35.1304, -85.2352)",11235.591515982102,2,180,1,527,1.26,0.75,100.0,32.35,8.33,100.0,26.22,Excellent - High Frequency,Moderate Reliability,255
289,"Location (35.0289, -85.2417)",11455.444428735049,10,990,1,662,6.29,4.11,100.0,15.02,8.33,100.0,25.89,Excellent - High Frequency,High Reliability,256
32,"Location (35.1319, -85.2351)",11312.886276345926,2,180,1,547,1.26,0.75,100.0,29.78,8.33,100.0,25.84,Excellent - High Frequency,Moderate Reliability,257
84,"Location (35.0810, -85.2970)",15187.833946564699,8,480,1,628,5.03,1.99,100.0,19.38,8.33,98.12,25.6,Excellent - High Frequency,High Reliability,258
161,Cell Waiting Lot,7831.405716430047,5,517,1,608,3.14,2.15,100.0,21.95,8.33,97.89,25.56,Excellent - High Frequency,High Reliability,259
275,"Location (35.0545, -85.3196)",17422.36661145387,5,927,2,678,3.14,3.85,100.0,12.97,16.67,75.78,25.55,Excellent - High Frequency,High Reliability,260
183,"Location (35.0733, -85.1997)",6321.051118763003,3,51,1,367,1.89,0.21,80.0,52.89,8.33,79.01,25.3,Good - Moderate Frequency,High Reliability,261
233,"Location (35.1246, -85.2368)",11037.288072366136,1,120,1,588,0.63,0.5,100.0,24.52,8.33,100.0,24.82,Excellent - High Frequency,Low Reliability,262
441,"Location (35.1225, -85.2404)",11216.237747657638,10,614,1,698,6.29,2.55,100.0,10.4,8.33,100.0,24.73,Excellent - High Frequency,High Reliability,263
201,"Location (35.0287, -85.2010)",8362.941929626348,6,620,1,707,3.77,2.58,100.0,9.24,8.33,100.0,23.94,Excellent - High Frequency,High Reliability,264
37,"Location (35.1008, -85.2344)",9828.951655446512,3,64,1,440,1.89,0.27,80.0,43.52,8.33,100.0,23.91,Good - Moderate Frequency,High Reliability,265
138,"Location (35.0630, -85.3218)",17513.336903520536,4,196,1,669,2.52,0.81,100.0,14.12,8.33,74.87,23.82,Excellent - High Frequency,High Reliability,266
311,"Location (35.0609, -85.3222)",17566.642525732477,2,120,1,716,1.26,0.5,100.0,8.09,8.33,74.33,22.51,Excellent - High Frequency,Moderate Reliability,267
93,"Location (35.0978, -85.2685)",12789.157417632921,5,300,1,752,3.14,1.25,100.0,3.47,8.33,100.0,22.51,Excellent - High Frequency,High Reliability,268
123,"Location (35.0117, -85.2427)",12527.047720566086,4,414,1,758,2.52,1.72,100.0,2.7,8.33,100.0,22.38,Excellent - High Frequency,High Reliability,269
384,"Location (35.1421, -85.2378)",12155.829613041476,1,60,1,709,0.63,0.25,80.0,8.99,8.33,100.0,18.41,Good - Moderate Frequency,Low Reliability,270
134,CCA lot,15699.55344386791,1,76,1,756,0.63,0.32,80.0,2.95,8.33,93.0,17.53,Good - Moderate Frequency,Low Reliability,271
122,"Location (35.1434, -85.2381)",12268.010550134717,1,60,1,778,0.63,0.25,80.0,0.13,8.33,100.0,17.08,Good - Moderate Frequency,Low Reliability,272
366,"Location (35.1449, -85.2405)",12542.848434162248,1,60,1,779,0.63,0.25,80.0,0.0,8.33,100.0,17.07,Good - Moderate Frequency,Low Reliability,273
257,"Location (35.0748, -85.2029)",6602.972725072853,2,34,1,620,1.26,0.14,60.0,20.41,8.33,82.54,16.25,Fair - Basic Service,Moderate Reliability,274
324,"Location (35.0912, -85.2237)",8635.993054030803,1,17,1,444,0.63,0.07,40.0,43.0,8.33,100.0,15.46,Limited - Minimal Service,Low Reliability,275
229,Oakwood Baptist Church Parking Lot,6615.814407029805,3,44,1,681,1.89,0.18,60.0,12.58,8.33,82.7,15.25,Fair - Basic Service,Moderate Reliability,276
343,"Location (35.0770, -85.2041)",6710.698768889545,2,27,1,769,1.26,0.11,40.0,1.28,8.33,83.88,9.37,Limited - Minimal Service,Low Reliability,277
