parking_id,name,distance_to_vw_m,num_stops,total_daily_trips,num_routes,nearest_stop_distance_m,stops_score,frequency_score,reliability_score,proximity_score,diversity_score,distance_score,accessibility_score,service_quality,reliability_class,rank_conservative
305,"Location (35.0463, -85.3099)",16707.881492106386,81,14546,11,49,97.59,98.13,100.0,89.96,100.0,82.92,97.33,Excellent - High Frequency,High Reliability,1
389,"Location (35.0468, -85.3080)",16529.77547474899,82,14823,11,130,98.8,100.0,100.0,73.36,100.0,84.7,95.7,Excellent - High Frequency,High Reliability,2
295,"Location (35.0444, -85.3099)",16751.50025168177,77,13865,10,39,92.77,93.54,100.0,92.01,90.91,82.48,94.15,Excellent - High Frequency,High Reliability,3
320,"Location (35.0453, -85.3062)",16404.347568691006,83,12648,10,70,100.0,85.33,100.0,85.66,90.91,85.96,92.54,Excellent - High Frequency,High Reliability,4
453,"Location (35.0450, -85.3115)",16876.701925648158,70,12855,11,38,84.34,86.72,100.0,92.21,100.0,81.23,90.93,Excellent - High Frequency,High Reliability,5
417,"Location (35.0476, -85.3068)",16400.49522657566,76,12071,11,107,91.57,81.43,100.0,78.07,100.0,86.0,89.03,Excellent - High Frequency,High Reliability,6
415,"Location (35.0439, -85.3057)",16388.399951156578,75,11272,10,52,90.36,76.04,100.0,89.34,90.91,86.12,87.9,Excellent - High Frequency,High Reliability,7
292,"Location (35.0443, -85.3118)",16927.433058822888,65,12547,10,47,78.31,84.65,100.0,90.37,90.91,80.73,87.62,Excellent - High Frequency,High Reliability,8
290,"Location (35.0503, -85.3092)",16557.278339854693,72,10895,11,42,86.75,73.5,100.0,91.39,100.0,84.43,87.45,Excellent - High Frequency,High Reliability,9
328,"Location (35.0452, -85.3124)",16960.252532299142,63,12439,11,71,75.9,83.92,100.0,85.45,100.0,80.4,86.97,Excellent - High Frequency,High Reliability,10
345,"Location (35.0503, -85.3088)",16525.463031721294,72,10981,11,73,86.75,74.08,100.0,85.04,100.0,84.75,86.67,Excellent - High Frequency,High Reliability,11
61,"Location (35.0417, -85.3073)",16587.101551142212,71,11494,10,114,85.54,77.54,100.0,76.64,90.91,84.13,85.23,Excellent - High Frequency,High Reliability,12
313,"Location (35.0429, -85.3052)",16369.717616531281,70,10130,10,48,84.34,68.34,100.0,90.16,90.91,86.3,84.2,Excellent - High Frequency,High Reliability,13
422,"Location (35.0512, -85.3101)",16628.625284649537,65,10039,11,30,78.31,67.73,100.0,93.85,100.0,83.71,83.97,Excellent - High Frequency,High Reliability,14
434,"Location (35.0463, -85.3123)",16919.713707409188,58,12444,11,159,69.88,83.95,100.0,67.42,100.0,80.8,82.77,Excellent - High Frequency,High Reliability,15
252,"Location (35.0477, -85.3121)",16874.41713334078,57,12062,11,134,68.67,81.37,100.0,72.54,100.0,81.26,82.46,Excellent - High Frequency,High Reliability,16
383,"Location (35.0446, -85.3130)",17019.948841998597,58,11732,9,63,69.88,79.15,100.0,87.09,81.82,79.8,82.46,Excellent - High Frequency,High Reliability,17
449,"Location (35.0507, -85.3113)",16736.968889428194,63,9798,11,45,75.9,66.1,100.0,90.78,100.0,82.63,82.42,Excellent - High Frequency,High Reliability,18
125,"Location (35.0516, -85.3070)",16337.989328924748,68,9370,11,72,81.93,63.21,100.0,85.25,100.0,86.62,82.23,Excellent - High Frequency,High Reliability,19
358,"Location (35.0465, -85.3051)",16278.823650005299,69,8728,11,67,83.13,58.88,100.0,86.27,100.0,87.21,81.39,Excellent - High Frequency,High Reliability,20
337,"Location (35.0483, -85.3062)",16332.16557027244,65,9698,10,99,78.31,65.43,100.0,79.71,90.91,86.68,80.25,Excellent - High Frequency,High Reliability,21
425,"Location (35.0407, -85.3074)",16623.082664037836,65,9539,9,64,78.31,64.35,100.0,86.89,81.82,83.77,80.1,Excellent - High Frequency,High Reliability,22
338,"Location (35.0437, -85.3047)",16308.49029452376,64,8886,10,58,77.11,59.95,100.0,88.11,90.91,86.92,79.57,Excellent - High Frequency,High Reliability,23
267,"Location (35.0507, -85.3124)",16835.740108463662,58,9228,10,144,69.88,62.25,100.0,70.49,90.91,81.64,75.81,Excellent - High Frequency,High Reliability,24
298,"Location (35.0400, -85.3066)",16568.501956752803,61,8521,9,105,73.49,57.48,100.0,78.48,81.82,84.31,75.57,Excellent - High Frequency,High Reliability,25
451,"Location (35.0410, -85.3059)",16484.3024649258,60,8390,9,157,72.29,56.6,100.0,67.83,81.82,85.16,73.41,Excellent - High Frequency,High Reliability,26
448,"Location (35.0480, -85.3132)",16969.271018552554,50,10055,10,230,60.24,67.83,100.0,52.87,90.91,80.31,72.43,Excellent - High Frequency,High Reliability,27
211,"Location (35.0503, -85.3132)",16921.75745981278,54,8828,9,225,65.06,59.56,100.0,53.89,81.82,80.78,70.4,Excellent - High Frequency,High Reliability,28
242,"Location (35.0389, -85.3084)",16760.843058359744,56,7065,7,92,67.47,47.66,100.0,81.15,63.64,82.39,69.7,Excellent - High Frequency,High Reliability,29
283,"Location (35.0485, -85.3134)",16978.071487409667,50,9354,9,253,60.24,63.1,100.0,48.16,81.82,80.22,69.4,Excellent - High Frequency,High Reliability,30
308,"Location (35.0493, -85.3052)",16222.267759599044,52,6624,11,205,62.65,44.69,100.0,57.99,100.0,87.78,67.77,Excellent - High Frequency,High Reliability,31
157,"Location (35.0387, -85.3114)",17034.869119738145,50,6655,7,72,60.24,44.9,100.0,85.25,63.64,79.65,67.68,Excellent - High Frequency,High Reliability,32
406,"Location (35.0507, -85.3050)",16177.330964942808,50,5924,11,166,60.24,39.96,100.0,65.98,100.0,88.23,66.95,Excellent - High Frequency,High Reliability,33
331,"Location (35.0399, -85.3122)",17071.805458025196,48,7816,8,182,57.83,52.73,100.0,62.7,72.73,79.28,66.95,Excellent - High Frequency,High Reliability,34
419,"Location (35.0493, -85.3135)",16968.231163954893,50,7849,9,252,60.24,52.95,100.0,48.36,81.82,80.32,66.38,Excellent - High Frequency,High Reliability,35
347,"Location (35.0544, -85.3102)",16575.195954255156,43,6012,8,43,51.81,40.56,100.0,91.19,72.73,84.25,66.07,Excellent - High Frequency,High Reliability,36
322,"Location (35.0542, -85.3069)",16281.397583265654,44,5767,9,79,53.01,38.91,100.0,83.81,81.82,87.19,65.68,Excellent - High Frequency,High Reliability,37
382,"Location (35.0484, -85.3041)",16145.832784750124,42,5375,10,88,50.6,36.26,100.0,81.97,90.91,88.54,64.91,Excellent - High Frequency,High Reliability,38
310,Unum,16181.457574197351,48,5625,11,208,57.83,37.95,100.0,57.38,100.0,88.19,64.45,Excellent - High Frequency,High Reliability,39
287,"Location (35.0529, -85.3128)",16839.151817133115,42,5985,8,111,50.6,40.38,100.0,77.25,72.73,81.61,63.62,Excellent - High Frequency,High Reliability,40
435,"Location (35.0490, -85.3042)",16138.977126095268,41,5085,10,107,49.4,34.3,100.0,78.07,90.91,88.61,63.44,Excellent - High Frequency,High Reliability,41
205,"Location (35.0463, -85.3041)",16187.624910242865,49,4630,6,58,59.04,31.24,100.0,88.11,54.55,88.12,62.8,Excellent - High Frequency,High Reliability,42
373,"Location (35.0540, -85.3125)",16785.73066389898,39,5466,8,105,46.99,36.88,100.0,78.48,72.73,82.14,61.85,Excellent - High Frequency,High Reliability,43
367,"Location (35.0508, -85.3045)",16130.691964812297,44,4470,10,150,53.01,30.16,100.0,69.26,90.91,88.69,61.78,Excellent - High Frequency,High Reliability,44
327,"Location (35.0551, -85.3114)",16669.476794884038,37,5071,7,86,44.58,34.21,100.0,82.38,63.64,83.31,60.13,Excellent - High Frequency,High Reliability,45
321,"Location (35.0476, -85.3019)",15966.306868863656,36,4506,8,92,43.37,30.4,100.0,81.15,72.73,90.34,59.41,Excellent - High Frequency,High Reliability,46
456,"Location (35.0488, -85.3039)",16113.818764930795,36,4186,8,78,43.37,28.24,100.0,84.02,72.73,88.86,59.19,Excellent - High Frequency,High Reliability,47
341,"Location (35.0373, -85.3118)",17108.255638288698,42,4267,5,55,50.6,28.79,100.0,88.73,45.45,78.92,59.14,Excellent - High Frequency,High Reliability,48
405,"Location (35.0361, -85.3092)",16916.238030758424,43,4359,5,78,51.81,29.41,100.0,84.02,45.45,80.84,58.92,Excellent - High Frequency,High Reliability,49
381,"Location (35.0495, -85.3031)",16029.088627632473,34,4073,8,62,40.96,27.48,100.0,87.3,72.73,89.71,58.85,Excellent - High Frequency,High Reliability,50
191,"Location (35.0469, -85.2948)",15347.210663359187,25,4143,9,45,30.12,27.95,100.0,90.78,81.82,96.53,57.71,Excellent - High Frequency,High Reliability,51
363,"Location (35.0497, -85.3039)",16096.553826358062,33,3853,9,113,39.76,25.99,100.0,76.84,81.82,89.03,57.45,Excellent - High Frequency,High Reliability,52
433,"Location (35.0353, -85.3087)",16890.926791164453,41,3949,5,86,49.4,26.64,100.0,82.38,45.45,81.09,57.24,Excellent - High Frequency,High Reliability,53
403,"Location (35.0458, -85.3032)",16122.22954416108,40,3964,5,81,48.19,26.74,100.0,83.4,45.45,88.78,57.13,Excellent - High Frequency,High Reliability,54
113,"Location (35.0468, -85.3023)",16015.371946716066,34,4020,6,59,40.96,27.12,100.0,87.91,54.55,89.85,57.02,Excellent - High Frequency,High Reliability,55
364,"Location (35.0457, -85.3027)",16078.938046338448,39,3860,5,71,46.99,26.04,100.0,85.45,45.45,89.21,56.92,Excellent - High Frequency,High Reliability,56
431,48,15916.949367174317,34,4215,5,50,40.96,28.44,100.0,89.75,45.45,90.83,56.78,Excellent - High Frequency,High Reliability,57
222,32,15746.740184657952,26,2891,11,65,31.33,19.5,100.0,86.68,100.0,92.53,56.68,Excellent - High Frequency,High Reliability,58
224,"Location (35.0470, -85.2966)",15500.740469863349,29,4422,9,138,34.94,29.83,100.0,71.72,81.82,94.99,56.62,Excellent - High Frequency,High Reliability,59
108,"Location (35.0480, -85.2928)",15139.132416917933,24,3975,9,77,28.92,26.82,100.0,84.22,81.82,98.61,56.09,Excellent - High Frequency,High Reliability,60
284,33,15640.676874620724,25,2906,10,64,30.12,19.6,100.0,86.89,90.91,93.59,55.54,Excellent - High Frequency,High Reliability,61
255,"Location (35.0490, -85.2944)",15265.89405365675,22,3507,8,61,26.51,23.66,100.0,87.5,72.73,97.34,54.12,Excellent - High Frequency,High Reliability,62
457,"Location (35.0345, -85.3072)",16784.954608764467,34,3190,5,87,40.96,21.52,100.0,82.17,45.45,82.15,53.57,Excellent - High Frequency,High Reliability,63
372,"Location (35.0364, -85.3057)",16594.150167871016,31,3742,5,95,37.35,25.24,100.0,80.53,45.45,84.06,53.54,Excellent - High Frequency,High Reliability,64
385,"Location (35.0453, -85.2959)",15487.343342288783,24,3398,7,71,28.92,22.92,100.0,85.45,63.64,95.13,53.29,Excellent - High Frequency,High Reliability,65
352,"Location (35.0362, -85.3051)",16551.349007836325,30,3667,5,93,36.14,24.74,100.0,80.94,45.45,84.49,53.14,Excellent - High Frequency,High Reliability,66
404,"Location (35.0420, -85.3024)",16148.626481685827,31,2469,4,38,37.35,16.66,100.0,92.21,36.36,88.51,51.8,Excellent - High Frequency,High Reliability,67
249,"Location (35.0405, -85.3140)",17211.462347659683,26,3655,4,77,31.33,24.66,100.0,84.22,36.36,77.89,51.5,Excellent - High Frequency,High Reliability,68
368,"Location (35.0351, -85.3120)",17186.37617956679,32,2164,3,58,38.55,14.6,100.0,88.11,27.27,78.14,49.96,Excellent - High Frequency,High Reliability,69
73,"Location (35.0339, -85.2680)",13418.500163092833,34,2221,2,63,40.96,14.98,100.0,87.09,18.18,100.0,49.62,Excellent - High Frequency,High Reliability,70
197,"Location (35.0457, -85.2877)",14747.400344846877,15,3124,7,89,18.07,21.08,100.0,81.76,63.64,100.0,49.47,Excellent - High Frequency,High Reliability,71
149,"Location (35.0346, -85.2698)",13541.04134113435,33,2313,2,72,39.76,15.6,100.0,85.25,18.18,100.0,49.23,Excellent - High Frequency,High Reliability,72
377,"Location (35.0523, -85.2978)",15496.25578278456,20,2171,9,143,24.1,14.65,100.0,70.7,81.82,95.04,49.2,Excellent - High Frequency,High Reliability,73
458,"Location (35.0308, -85.2699)",13701.862328263749,31,2105,2,60,37.35,14.2,100.0,87.7,18.18,100.0,48.57,Excellent - High Frequency,High Reliability,74
291,"Location (35.0427, -85.2985)",15778.425307368572,27,2553,2,70,32.53,17.22,100.0,85.66,18.18,92.22,47.97,Excellent - High Frequency,High Reliability,75
165,"Location (35.0439, -85.2878)",14801.097784879394,15,2756,6,100,18.07,18.59,100.0,79.51,54.55,100.0,47.48,Excellent - High Frequency,High Reliability,76
369,"Location (35.0353, -85.3131)",17279.71598616369,26,1747,3,53,31.33,11.79,100.0,89.14,27.27,77.2,47.47,Excellent - High Frequency,High Reliability,77
268,"Location (35.0417, -85.2999)",15931.2022056516,27,2210,2,74,32.53,14.91,100.0,84.84,18.18,90.69,47.15,Excellent - High Frequency,High Reliability,78
351,"Location (35.0441, -85.2791)",14033.981735150313,16,1099,7,47,19.28,7.41,100.0,90.37,63.64,100.0,46.96,Excellent - High Frequency,High Reliability,79
254,"Location (35.0401, -85.2715)",13492.157510081626,31,1135,3,78,37.35,7.66,100.0,84.02,27.27,100.0,46.96,Excellent - High Frequency,High Reliability,80
371,"Location (35.0433, -85.2963)",15569.144624893748,24,2486,2,71,28.92,16.77,100.0,85.45,18.18,94.31,46.9,Excellent - High Frequency,High Reliability,81
446,"Location (35.0412, -85.2989)",15856.884935670714,24,1861,2,42,28.92,12.55,100.0,91.39,18.18,91.43,46.52,Excellent - High Frequency,High Reliability,82
175,"Location (35.0322, -85.2740)",13994.223044589175,26,1849,2,64,31.33,12.47,100.0,86.89,18.18,100.0,46.42,Excellent - High Frequency,High Reliability,83
136,"Location (35.0434, -85.2808)",14206.421505664664,14,1033,7,76,16.87,6.97,100.0,84.43,63.64,100.0,45.34,Excellent - High Frequency,High Reliability,84
119,"Location (35.0438, -85.2821)",14308.119153063293,15,1279,8,134,18.07,8.63,100.0,72.54,72.73,100.0,45.26,Excellent - High Frequency,High Reliability,85
317,"Location (35.0377, -85.3131)",17212.887363914637,22,1499,3,77,26.51,10.11,100.0,84.22,27.27,77.87,45.02,Excellent - High Frequency,High Reliability,86
426,"Location (35.0651, -85.3101)",16430.44332678596,25,1363,3,101,30.12,9.2,100.0,79.3,27.27,85.7,44.91,Excellent - High Frequency,High Reliability,87
326,"Location (35.0632, -85.3081)",16268.503177792434,19,1385,3,59,22.89,9.34,100.0,87.91,27.27,87.31,44.44,Excellent - High Frequency,High Reliability,88
447,"Location (35.0628, -85.3062)",16096.551647026326,17,1309,3,55,20.48,8.83,100.0,88.73,27.27,89.03,43.81,Excellent - High Frequency,High Reliability,89
247,"Location (35.0487, -85.2783)",13834.205633193116,13,527,7,85,15.66,3.56,100.0,82.58,63.64,100.0,43.73,Excellent - High Frequency,High Reliability,90
388,"Location (35.0171, -85.3234)",18802.899318131505,20,1462,2,68,24.1,9.86,100.0,86.07,18.18,61.97,43.71,Excellent - High Frequency,High Reliability,91
207,"Location (35.0155, -85.3245)",18963.23319039226,19,1413,2,59,22.89,9.53,100.0,87.91,18.18,60.37,43.59,Excellent - High Frequency,High Reliability,92
357,"Location (35.0628, -85.3110)",16536.63823343563,19,1195,3,79,22.89,8.06,100.0,83.81,27.27,84.63,43.44,Excellent - High Frequency,High Reliability,93
18,"Location (35.0379, -85.3148)",17355.78547869321,20,1241,3,100,24.1,8.37,100.0,79.51,27.27,76.44,43.19,Excellent - High Frequency,High Reliability,94
271,"Location (35.0494, -85.2763)",13640.820116451456,11,477,6,58,13.25,3.22,100.0,88.11,54.55,100.0,42.95,Excellent - High Frequency,High Reliability,95
380,"Location (35.0619, -85.3081)",16276.017601337511,16,1271,3,73,19.28,8.57,100.0,85.04,27.27,87.24,42.88,Excellent - High Frequency,High Reliability,96
239,"Location (35.0361, -85.2689)",13411.515262954665,29,1442,2,184,34.94,9.73,100.0,62.3,18.18,100.0,42.82,Excellent - High Frequency,High Reliability,97
355,"Location (35.0655, -85.3108)",16488.751324438508,25,1195,2,130,30.12,8.06,100.0,73.36,18.18,85.11,42.77,Excellent - High Frequency,High Reliability,98
60,"Location (35.0346, -85.2663)",13242.823789912638,29,1759,1,183,34.94,11.87,100.0,62.5,9.09,100.0,42.58,Excellent - High Frequency,High Reliability,99
395,"Location (35.0428, -85.2917)",15181.34014230995,14,1893,2,79,16.87,12.77,100.0,83.81,18.18,98.19,42.44,Excellent - High Frequency,High Reliability,100
370,"Location (35.0495, -85.2880)",14683.180453394674,13,2759,7,284,15.66,18.61,100.0,41.8,63.64,100.0,42.13,Excellent - High Frequency,High Reliability,101
339,"Location (35.0328, -85.3132)",17365.84540223165,18,1064,1,56,21.69,7.18,100.0,88.52,9.09,76.34,41.76,Excellent - High Frequency,High Reliability,102
106,"Location (35.0463, -85.3161)",17263.52935324641,18,2786,2,201,21.69,18.8,100.0,58.81,18.18,77.36,41.7,Excellent - High Frequency,High Reliability,103
253,"Location (35.0448, -85.3203)",17673.001017576327,16,965,1,45,19.28,6.51,100.0,90.78,9.09,73.27,41.3,Excellent - High Frequency,High Reliability,104
282,"Location (35.0090, -85.3241)",19197.613515241574,19,1396,1,103,22.89,9.42,100.0,78.89,9.09,58.02,41.29,Excellent - High Frequency,High Reliability,105
171,"Location (35.0612, -85.3059)",16091.381425005473,15,1236,3,114,18.07,8.34,100.0,76.64,27.27,89.09,41.24,Excellent - High Frequency,High Reliability,106
220,"Location (35.0394, -85.2659)",13026.373818775985,21,599,2,105,25.3,4.04,100.0,78.48,18.18,100.0,41.13,Excellent - High Frequency,High Reliability,107
135,"Location (35.0147, -85.3261)",19127.662927928555,16,1240,2,107,19.28,8.37,100.0,78.07,18.18,58.72,40.86,Excellent - High Frequency,High Reliability,108
227,"Location (34.9871, -85.2876)",17454.508944879137,15,978,2,82,18.07,6.6,100.0,83.2,18.18,75.45,40.8,Excellent - High Frequency,High Reliability,109
261,"Location (35.0224, -85.2433)",11928.26811832894,13,1346,1,57,15.66,9.08,100.0,88.32,9.09,100.0,40.8,Excellent - High Frequency,High Reliability,110
270,"Location (35.0349, -85.3148)",17442.139198662375,19,1151,3,166,22.89,7.76,100.0,65.98,27.27,75.58,40.68,Excellent - High Frequency,High Reliability,111
420,"Location (35.0127, -85.2288)",11448.484702196187,12,1241,1,49,14.46,8.37,100.0,89.96,9.09,100.0,40.53,Excellent - High Frequency,High Reliability,112
349,"Location (35.1020, -85.2747)",13433.810699797194,13,780,1,30,15.66,5.26,100.0,93.85,9.09,100.0,40.48,Excellent - High Frequency,High Reliability,113
245,"Location (35.0194, -85.2396)",11817.474982558093,12,1242,1,51,14.46,8.38,100.0,89.55,9.09,100.0,40.47,Excellent - High Frequency,High Reliability,114
412,"Location (35.0613, -85.3093)",16391.227491708563,16,1271,3,156,19.28,8.57,100.0,68.03,27.27,86.09,40.32,Excellent - High Frequency,High Reliability,115
54,"Location (35.0093, -85.2136)",10668.579077980667,12,1241,1,56,14.46,8.37,100.0,88.52,9.09,100.0,40.31,Excellent - High Frequency,High Reliability,116
173,"Location (35.0098, -85.2182)",10923.318282043329,13,1345,1,77,15.66,9.07,100.0,84.22,9.09,100.0,40.18,Excellent - High Frequency,High Reliability,117
445,"Location (35.0103, -85.2197)",10989.04308156252,12,1242,1,61,14.46,8.38,100.0,87.5,9.09,100.0,40.16,Excellent - High Frequency,High Reliability,118
259,"Location (35.0257, -85.2775)",14564.408062248234,15,900,1,76,18.07,6.07,100.0,84.43,9.09,100.0,39.91,Excellent - High Frequency,High Reliability,119
443,"Location (35.0103, -85.2126)",10524.649308311857,13,1345,1,87,15.66,9.07,100.0,82.17,9.09,100.0,39.87,Excellent - High Frequency,High Reliability,120
103,"Location (35.0575, -85.2541)",11473.83984501075,16,494,1,68,19.28,3.33,100.0,86.07,9.09,100.0,39.64,Excellent - High Frequency,High Reliability,121
127,"Location (35.0068, -85.2108)",10687.297546426966,10,1035,1,46,12.05,6.98,100.0,90.57,9.09,100.0,39.6,Excellent - High Frequency,High Reliability,122
439,"Location (35.0686, -85.2890)",14477.474986544785,12,720,1,45,14.46,4.86,100.0,90.78,9.09,100.0,39.6,Excellent - High Frequency,High Reliability,123
137,"Location (35.0505, -85.3152)",17093.898998065302,20,3650,3,376,24.1,24.62,100.0,22.95,27.27,79.06,39.58,Excellent - High Frequency,High Reliability,124
378,"Location (35.0167, -85.2357)",11693.642737458833,11,1139,1,73,13.25,7.68,100.0,85.04,9.09,100.0,39.28,Excellent - High Frequency,High Reliability,125
315,"Location (35.0109, -85.2239)",11238.202245081304,12,1241,1,95,14.46,8.37,100.0,80.53,9.09,100.0,39.12,Excellent - High Frequency,High Reliability,126
158,"Location (35.0185, -85.2388)",11810.946270524515,12,1242,1,96,14.46,8.38,100.0,80.33,9.09,100.0,39.09,Excellent - High Frequency,High Reliability,127
117,"Location (35.0101, -85.3267)",19372.020127190815,14,995,1,100,16.87,6.71,100.0,79.51,9.09,56.28,39.07,Excellent - High Frequency,High Reliability,128
59,"Location (35.0243, -85.2452)",11974.843702041577,11,1094,1,78,13.25,7.38,100.0,84.02,9.09,100.0,39.04,Excellent - High Frequency,High Reliability,129
455,"Location (35.0630, -85.3031)",15816.53309337607,15,1236,3,189,18.07,8.34,100.0,61.27,27.27,91.83,38.94,Excellent - High Frequency,High Reliability,130
131,"Location (35.0588, -85.2533)",11376.919740022213,17,475,1,102,20.48,3.2,100.0,79.1,9.09,100.0,38.86,Excellent - High Frequency,High Reliability,131
154,"Location (35.0090, -85.3291)",19614.49139755912,12,793,1,84,14.46,5.35,100.0,82.79,9.09,53.86,38.55,Excellent - High Frequency,High Reliability,132
301,"Location (35.0632, -85.3124)",16654.233453869983,17,929,2,173,20.48,6.27,100.0,64.55,18.18,83.46,38.5,Excellent - High Frequency,High Reliability,133
427,"Location (35.0628, -85.3131)",16725.711027559777,14,815,2,137,16.87,5.5,100.0,71.93,18.18,82.74,38.47,Excellent - High Frequency,High Reliability,134
399,"Location (35.0690, -85.2886)",14443.415070734227,11,660,1,69,13.25,4.45,100.0,85.86,9.09,100.0,38.44,Excellent - High Frequency,High Reliability,135
236,"Location (35.0401, -85.2587)",12383.511625571266,12,456,1,67,14.46,3.08,100.0,86.27,9.09,100.0,38.39,Excellent - High Frequency,High Reliability,136
232,"Location (35.0205, -85.2881)",15675.53960456273,13,234,1,63,15.66,1.58,100.0,87.09,9.09,93.24,38.36,Excellent - High Frequency,High Reliability,137
374,"Location (35.1132, -85.2641)",12820.293326134364,10,600,1,59,12.05,4.05,100.0,87.91,9.09,100.0,38.32,Excellent - High Frequency,High Reliability,138
160,"Location (35.0471, -85.3177)",17390.384389220973,13,776,1,100,15.66,5.24,100.0,79.51,9.09,76.1,38.32,Excellent - High Frequency,High Reliability,139
85,"Location (35.1065, -85.2718)",13287.58221223627,9,540,1,47,10.84,3.64,100.0,90.37,9.09,100.0,38.27,Excellent - High Frequency,High Reliability,140
176,"Location (35.0433, -85.2582)",12231.87967147341,12,456,1,73,14.46,3.08,100.0,85.04,9.09,100.0,38.2,Excellent - High Frequency,High Reliability,141
401,"Location (35.1014, -85.2741)",13369.787039538222,13,780,1,105,15.66,5.26,100.0,78.48,9.09,100.0,38.18,Excellent - High Frequency,High Reliability,142
392,"Location (35.0484, -85.3204)",17604.464856874467,8,461,1,43,9.64,3.11,100.0,91.19,9.09,73.96,37.93,Excellent - High Frequency,High Reliability,143
145,"Location (35.0679, -85.3144)",16800.660302076376,12,418,1,82,14.46,2.82,100.0,83.2,9.09,81.99,37.85,Excellent - High Frequency,High Reliability,144
421,"Location (35.0266, -85.2538)",12555.274696726949,8,783,1,67,9.64,5.28,100.0,86.27,9.09,100.0,37.84,Excellent - High Frequency,High Reliability,145
394,"Location (35.0102, -85.2146)",10660.60351397197,11,1138,1,122,13.25,7.68,100.0,75.0,9.09,100.0,37.78,Excellent - High Frequency,High Reliability,146
277,"Location (35.0149, -85.2092)",9943.447636659916,6,549,1,37,7.23,3.7,100.0,92.42,9.09,100.0,37.69,Excellent - High Frequency,High Reliability,147
97,"Location (35.0210, -85.2908)",15882.663851895335,13,234,1,94,15.66,1.58,100.0,80.74,9.09,91.17,37.41,Excellent - High Frequency,High Reliability,148
285,"Location (35.0251, -85.3177)",18011.65856650357,8,392,1,60,9.64,2.64,100.0,87.7,9.09,69.88,37.27,Excellent - High Frequency,High Reliability,149
266,"Location (35.0807, -85.2638)",12161.83906663383,6,162,2,56,7.23,1.09,100.0,88.52,18.18,100.0,37.23,Excellent - High Frequency,High Reliability,150
309,"Location (35.0601, -85.3027)",15807.737886805033,9,810,3,159,10.84,5.46,100.0,67.42,27.27,91.92,37.19,Excellent - High Frequency,High Reliability,151
152,"Location (35.0228, -85.2752)",14501.092639079932,14,840,1,157,16.87,5.67,100.0,67.83,9.09,100.0,37.0,Excellent - High Frequency,High Reliability,152
263,"Location (35.0499, -85.2870)",14586.847695785582,10,2444,5,343,12.05,16.49,100.0,29.71,45.45,100.0,36.96,Excellent - High Frequency,High Reliability,153
307,"Location (35.0469, -85.3216)",17738.398645266854,11,650,1,119,13.25,4.39,100.0,75.61,9.09,72.62,36.88,Excellent - High Frequency,High Reliability,154
120,"Location (35.0456, -85.2590)",12225.56343242518,19,551,1,192,22.89,3.72,100.0,60.66,9.09,100.0,36.85,Excellent - High Frequency,High Reliability,155
408,"Location (35.0106, -85.2120)",10459.300858903674,11,1138,1,154,13.25,7.68,100.0,68.44,9.09,100.0,36.79,Excellent - High Frequency,High Reliability,156
65,"Location (35.0632, -85.3147)",16865.957170690413,9,430,1,92,10.84,2.9,100.0,81.15,9.09,81.34,36.66,Excellent - High Frequency,High Reliability,157
244,"Location (35.1181, -85.2505)",11852.18220719251,8,480,1,90,9.64,3.24,100.0,81.56,9.09,100.0,36.52,Excellent - High Frequency,High Reliability,158
20,Hixson Plaza,12692.86383898339,9,540,1,114,10.84,3.64,100.0,76.64,9.09,100.0,36.21,Excellent - High Frequency,High Reliability,159
213,"Location (35.0624, -85.2982)",15370.97670617565,7,420,1,88,8.43,2.83,100.0,81.97,9.09,96.29,36.16,Excellent - High Frequency,High Reliability,160
416,"Location (35.0116, -85.2134)",10477.343419158178,9,931,1,145,10.84,6.28,100.0,70.29,9.09,100.0,36.05,Excellent - High Frequency,High Reliability,161
206,"Location (35.0782, -85.2666)",12411.93984164174,4,113,2,87,4.82,0.76,100.0,82.17,18.18,100.0,35.58,Excellent - High Frequency,High Reliability,162
243,"Location (35.1330, -85.2406)",11803.274990713064,2,180,1,46,2.41,1.21,100.0,90.57,9.09,100.0,35.46,Excellent - High Frequency,Moderate Reliability,163
279,"Location (35.0411, -85.2619)",12621.061989345246,19,522,1,238,22.89,3.52,100.0,51.23,9.09,100.0,35.37,Excellent - High Frequency,High Reliability,164
179,"Location (35.0484, -85.3213)",17681.806328254428,7,398,1,114,8.43,2.69,100.0,76.64,9.09,73.18,35.32,Excellent - High Frequency,High Reliability,165
265,"Location (35.0373, -85.2639)",12932.748172394337,19,580,1,244,22.89,3.91,100.0,50.0,9.09,100.0,35.31,Excellent - High Frequency,High Reliability,166
36,"Location (35.0142, -85.2121)",10189.562171026239,7,653,1,133,8.43,4.41,100.0,72.75,9.09,100.0,35.25,Excellent - High Frequency,High Reliability,167
260,"Location (35.0441, -85.2600)",12359.246070143075,20,503,1,251,24.1,3.39,100.0,48.57,9.09,100.0,35.24,Excellent - High Frequency,High Reliability,168
302,"Location (35.0072, -85.2079)",10470.405637369466,8,828,1,158,9.64,5.59,100.0,67.62,9.09,100.0,35.14,Excellent - High Frequency,High Reliability,169
96,"Location (35.0152, -85.2073)",9794.010470838497,6,549,1,120,7.23,3.7,100.0,75.41,9.09,100.0,35.14,Excellent - High Frequency,High Reliability,170
151,"Location (35.1293, -85.2475)",12135.321891554366,5,254,1,100,6.02,1.71,100.0,79.51,9.09,100.0,34.86,Excellent - High Frequency,High Reliability,171
75,"Location (35.0366, -85.1597)",5209.900613742207,2,310,1,75,2.41,2.09,100.0,84.63,9.09,65.12,34.83,Excellent - High Frequency,Moderate Reliability,172
210,"Location (35.0323, -85.1595)",5612.268163857909,2,207,1,74,2.41,1.4,100.0,84.84,9.09,70.15,34.66,Excellent - High Frequency,Moderate Reliability,173
38,"Location (35.0084, -85.2163)",10911.536282753124,13,1345,1,261,15.66,9.07,100.0,46.52,9.09,100.0,34.52,Excellent - High Frequency,High Reliability,174
34,"Location (35.1296, -85.2415)",11679.814236324572,4,300,1,110,4.82,2.02,100.0,77.46,9.09,100.0,34.34,Excellent - High Frequency,High Reliability,175
214,"Location (35.0229, -85.2482)",12298.450923569515,10,990,1,217,12.05,6.68,100.0,55.53,9.09,100.0,34.25,Excellent - High Frequency,High Reliability,176
67,"Location (35.0378, -85.2588)",12478.18452894339,13,494,1,215,15.66,3.33,100.0,55.94,9.09,100.0,34.22,Excellent - High Frequency,High Reliability,177
169,"Location (35.0316, -85.3046)",16657.427646026077,18,1284,2,349,21.69,8.66,100.0,28.48,18.18,83.43,34.11,Excellent - High Frequency,High Reliability,178
28,"Location (35.0404, -85.3213)",17860.43358914865,6,378,1,144,7.23,2.55,100.0,70.49,9.09,71.4,34.06,Excellent - High Frequency,High Reliability,179
91,"Location (35.0241, -85.2913)",15788.482377443996,13,234,1,208,15.66,1.58,100.0,57.38,9.09,92.12,33.9,Excellent - High Frequency,High Reliability,180
17,"Location (35.0321, -85.1578)",5561.960860268819,3,311,1,117,3.61,2.1,100.0,76.02,9.09,69.52,33.85,Excellent - High Frequency,High Reliability,181
356,"Location (35.0318, -85.1846)",7022.89688145134,5,517,1,155,6.02,3.49,100.0,68.24,9.09,87.79,33.7,Excellent - High Frequency,High Reliability,182
52,"Location (35.0554, -85.3148)",16978.534638421217,9,1829,3,353,10.84,12.34,100.0,27.66,27.27,80.21,33.29,Excellent - High Frequency,High Reliability,183
444,"Location (35.0226, -85.3200)",18303.894767335743,7,343,1,182,8.43,2.31,100.0,62.7,9.09,66.96,33.12,Excellent - High Frequency,High Reliability,184
436,"Location (35.0614, -85.2981)",15378.775576446165,7,420,1,187,8.43,2.83,100.0,61.68,9.09,96.21,33.12,Excellent - High Frequency,High Reliability,185
41,"Location (35.0119, -85.2118)",10348.457393685041,11,1067,1,270,13.25,7.2,100.0,44.67,9.09,100.0,33.08,Excellent - High Frequency,High Reliability,186
294,"Location (35.0499, -85.3206)",17589.265226945787,6,335,1,173,7.23,2.26,100.0,64.55,9.09,74.11,33.08,Excellent - High Frequency,High Reliability,187
110,"Location (35.0308, -85.3055)",16760.93912439189,12,897,2,299,14.46,6.05,100.0,38.73,18.18,82.39,33.06,Excellent - High Frequency,High Reliability,188
31,"Location (35.0462, -85.3227)",17859.26257989557,11,650,1,244,13.25,4.39,100.0,50.0,9.09,71.41,33.04,Excellent - High Frequency,High Reliability,189
230,"Location (35.1320, -85.2399)",11693.430679578463,2,180,1,129,2.41,1.21,100.0,73.57,9.09,100.0,32.91,Excellent - High Frequency,Moderate Reliability,190
116,"Location (35.0350, -85.3162)",17564.596045063816,15,791,1,297,18.07,5.34,100.0,39.14,9.09,74.35,32.9,Excellent - High Frequency,High Reliability,191
12,"Location (35.0266, -85.1941)",8049.539458071221,5,517,1,183,6.02,3.49,100.0,62.5,9.09,100.0,32.84,Excellent - High Frequency,High Reliability,192
142,"Location (35.0196, -85.3137)",17882.451680494763,4,300,1,159,4.82,2.02,100.0,67.42,9.09,71.18,32.83,Excellent - High Frequency,High Reliability,193
81,"Location (35.0743, -85.1868)",5134.277190232825,6,102,1,171,7.23,0.69,100.0,64.96,9.09,64.18,32.67,Excellent - High Frequency,High Reliability,194
7,"Location (35.0098, -85.2057)",10122.094320735687,3,311,1,158,3.61,2.1,100.0,67.62,9.09,100.0,32.59,Excellent - High Frequency,High Reliability,195
423,"Location (35.0323, -85.1858)",7061.071476816894,4,414,1,189,4.82,2.79,100.0,61.27,9.09,88.26,32.14,Excellent - High Frequency,High Reliability,196
35,"Location (35.1314, -85.2414)",11770.766305639338,2,180,1,158,2.41,1.21,100.0,67.62,9.09,100.0,32.02,Excellent - High Frequency,Moderate Reliability,197
58,"Location (35.0353, -85.1609)",5385.073552751115,2,310,1,177,2.41,2.09,100.0,63.73,9.09,67.31,31.7,Excellent - High Frequency,Moderate Reliability,198
126,"Location (35.0871, -85.1891)",5457.218692976104,6,57,1,70,7.23,0.38,80.0,85.66,9.09,68.22,31.68,Good - Moderate Frequency,High Reliability,199
21,"Location (35.0295, -85.3069)",16926.71662297923,8,600,1,258,9.64,4.05,100.0,47.13,9.09,80.73,31.6,Excellent - High Frequency,High Reliability,200
90,Highland Plaza,12767.793759533346,2,120,1,170,2.41,0.81,100.0,65.16,9.09,100.0,31.53,Excellent - High Frequency,Moderate Reliability,201
226,"Location (35.0600, -85.3011)",15670.64515219331,6,506,2,266,7.23,3.41,100.0,45.49,18.18,93.29,31.47,Excellent - High Frequency,High Reliability,202
13,"Location (35.1397, -85.2457)",12593.87923343029,2,120,1,174,2.41,0.81,100.0,64.34,9.09,100.0,31.41,Excellent - High Frequency,Moderate Reliability,203
231,"Location (35.0061, -85.2141)",10950.245230460316,7,724,1,263,8.43,4.88,100.0,46.11,9.09,100.0,31.4,Excellent - High Frequency,High Reliability,204
133,"Location (35.0580, -85.2772)",13536.43498529075,4,95,2,101,4.82,0.64,80.0,79.3,18.18,100.0,31.11,Good - Moderate Frequency,High Reliability,205
95,"Location (35.0369, -85.1581)",5101.151819356967,3,413,1,217,3.61,2.79,100.0,55.53,9.09,63.76,30.98,Excellent - High Frequency,High Reliability,206
178,"Location (35.0213, -85.3238)",18675.929195071178,8,568,2,308,9.64,3.83,100.0,36.89,18.18,63.24,30.91,Excellent - High Frequency,High Reliability,207
269,"Location (35.0245, -85.3113)",17485.106873188568,3,225,1,219,3.61,1.52,100.0,55.12,9.09,75.15,30.54,Excellent - High Frequency,High Reliability,208
156,"Location (35.0327, -85.1841)",6921.977172744164,5,518,1,263,6.02,3.49,100.0,46.11,9.09,86.52,30.38,Excellent - High Frequency,High Reliability,209
115,"Location (35.0331, -85.1567)",5416.221546708479,3,311,1,236,3.61,2.1,100.0,51.64,9.09,67.7,30.19,Excellent - High Frequency,High Reliability,210
29,"Location (35.0365, -85.1552)",5012.728347499456,6,725,1,293,7.23,4.89,100.0,39.96,9.09,62.66,30.18,Excellent - High Frequency,High Reliability,211
218,"Location (35.1003, -85.2398)",10292.807598783485,3,64,1,94,3.61,0.43,80.0,80.74,9.09,100.0,30.05,Good - Moderate Frequency,High Reliability,212
5,"Location (34.9952, -85.3113)",18821.777424536063,8,600,1,310,9.64,4.05,100.0,36.48,9.09,61.78,30.0,Excellent - High Frequency,High Reliability,213
25,"Location (35.0486, -85.3163)",17232.03275302098,7,398,1,299,8.43,2.69,100.0,38.73,9.09,77.68,29.63,Excellent - High Frequency,High Reliability,214
16,"Location (35.1371, -85.2424)",12191.700807045909,2,120,1,234,2.41,0.81,100.0,52.05,9.09,100.0,29.56,Excellent - High Frequency,Moderate Reliability,215
77,"Location (35.0373, -85.3177)",17625.92462199118,7,441,1,312,8.43,2.98,100.0,36.07,9.09,73.74,29.32,Excellent - High Frequency,High Reliability,216
238,"Location (35.1338, -85.2408)",11859.667775190463,1,60,1,110,1.2,0.4,80.0,77.46,9.09,100.0,28.95,Good - Moderate Frequency,Low Reliability,217
49,"Location (35.1323, -85.2382)",11577.988512018781,2,180,1,259,2.41,1.21,100.0,46.93,9.09,100.0,28.91,Excellent - High Frequency,Moderate Reliability,218
42,"Location (35.0338, -85.1606)",5512.802843370634,2,310,1,268,2.41,2.09,100.0,45.08,9.09,68.91,28.9,Excellent - High Frequency,Moderate Reliability,219
297,"Location (35.0565, -85.2797)",13787.75021527356,3,80,1,135,3.61,0.54,80.0,72.34,9.09,100.0,28.83,Good - Moderate Frequency,High Reliability,220
70,"Location (35.1287, -85.2380)",11352.004533771475,1,120,1,249,1.2,0.81,100.0,48.98,9.09,100.0,28.8,Excellent - High Frequency,Low Reliability,221
256,"Location (35.0625, -85.2756)",13327.394721544599,3,56,2,175,3.61,0.38,80.0,64.14,18.18,100.0,28.46,Good - Moderate Frequency,High Reliability,222
10,"Location (35.0348, -85.1568)",5249.99127523449,5,622,1,338,6.02,4.2,100.0,30.74,9.09,65.62,28.28,Excellent - High Frequency,High Reliability,223
195,"Location (35.1310, -85.2387)",11537.731296544687,2,180,1,290,2.41,1.21,100.0,40.57,9.09,100.0,27.96,Excellent - High Frequency,Moderate Reliability,224
196,"Location (35.1336, -85.2397)",11768.734524876905,1,60,1,146,1.2,0.4,80.0,70.08,9.09,100.0,27.84,Good - Moderate Frequency,Low Reliability,225
48,"Location (35.0574, -85.2803)",13832.775324212795,3,80,1,167,3.61,0.54,80.0,65.78,9.09,100.0,27.84,Good - Moderate Frequency,High Reliability,226
128,"Location (35.0543, -85.2811)",13962.038792774112,2,56,1,160,2.41,0.38,80.0,67.21,9.09,100.0,27.71,Good - Moderate Frequency,Moderate Reliability,227
47,"Location (35.1304, -85.2379)",11438.144834532799,2,180,1,311,2.41,1.21,100.0,36.27,9.09,100.0,27.32,Excellent - High Frequency,Moderate Reliability,228
82,"Location (35.0981, -85.2447)",10668.924524613412,3,66,2,213,3.61,0.45,80.0,56.35,18.18,100.0,27.31,Good - Moderate Frequency,High Reliability,229
72,"Location (35.0985, -85.2411)",10359.342609290978,4,96,2,229,4.82,0.65,80.0,53.07,18.18,100.0,27.18,Good - Moderate Frequency,High Reliability,230
86,"Location (35.1268, -85.2384)",11284.862676867533,1,120,1,306,1.2,0.81,100.0,37.3,9.09,100.0,27.05,Excellent - High Frequency,Low Reliability,231
53,"Location (35.0985, -85.2375)",10038.740364563904,3,64,1,195,3.61,0.43,80.0,60.04,9.09,100.0,26.95,Good - Moderate Frequency,High Reliability,232
198,"Location (35.0546, -85.2827)",14097.194634948855,2,56,1,206,2.41,0.38,80.0,57.79,9.09,100.0,26.29,Good - Moderate Frequency,Moderate Reliability,233
162,"Location (35.0554, -85.2832)",14122.512198025344,2,56,1,206,2.41,0.38,80.0,57.79,9.09,100.0,26.29,Good - Moderate Frequency,Moderate Reliability,234
57,"Location (35.1355, -85.2454)",12323.355336348768,2,120,1,346,2.41,0.81,100.0,29.1,9.09,100.0,26.12,Excellent - High Frequency,Moderate Reliability,235
15,"Location (35.1343, -85.2443)",12168.104799504843,2,120,1,348,2.41,0.81,100.0,28.69,9.09,100.0,26.06,Excellent - High Frequency,Moderate Reliability,236
202,"Location (35.0730, -85.2366)",9682.087855690073,5,46,1,122,6.02,0.31,60.0,75.0,9.09,100.0,25.76,Fair - Basic Service,Moderate Reliability,237
376,"Location (35.0964, -85.2532)",11394.525841731122,3,64,2,289,3.61,0.43,80.0,40.78,18.18,100.0,24.97,Good - Moderate Frequency,High Reliability,238
303,"Location (35.0959, -85.2549)",11535.472456274978,3,64,2,289,3.61,0.43,80.0,40.78,18.18,100.0,24.97,Good - Moderate Frequency,High Reliability,239
187,"Location (35.1345, -85.2393)",11793.705698179541,1,60,1,244,1.2,0.4,80.0,50.0,9.09,100.0,24.83,Good - Moderate Frequency,Low Reliability,240
118,"Location (35.0641, -85.2729)",13064.058987025759,2,32,1,123,2.41,0.22,60.0,74.8,9.09,100.0,24.8,Fair - Basic Service,Moderate Reliability,241
219,"Location (35.0754, -85.2644)",12207.120358534537,2,64,1,291,2.41,0.43,80.0,40.37,9.09,100.0,23.7,Good - Moderate Frequency,Moderate Reliability,242
144,"Location (35.0997, -85.2429)",10546.21739821448,4,96,2,353,4.82,0.65,80.0,27.66,18.18,100.0,23.37,Good - Moderate Frequency,High Reliability,243
46,"Location (35.1015, -85.2385)",10209.529541382672,1,30,1,199,1.2,0.2,60.0,59.22,9.09,100.0,22.15,Fair - Basic Service,Low Reliability,244
98,"Location (35.1246, -85.2392)",11229.39560924146,1,120,1,488,1.2,0.81,100.0,0.0,9.09,100.0,21.45,Excellent - High Frequency,Low Reliability,245
166,"Location (35.1325, -85.2367)",11471.784594175695,1,60,1,395,1.2,0.4,80.0,19.06,9.09,100.0,20.19,Good - Moderate Frequency,Low Reliability,246
365,"Location (35.0652, -85.2739)",13135.479297649694,1,17,1,197,1.2,0.11,40.0,59.63,9.09,100.0,18.19,Limited - Minimal Service,Low Reliability,247
2,"Location (35.1132, -85.2471)",11364.192388386673,1,60,1,479,1.2,0.4,80.0,1.84,9.09,100.0,17.61,Good - Moderate Frequency,Low Reliability,248
183,"Location (35.0733, -85.1997)",6321.051118763003,2,34,1,367,2.41,0.23,60.0,24.8,9.09,79.01,17.3,Fair - Basic Service,Moderate Reliability,249
37,"Location (35.1008, -85.2344)",9828.951655446512,1,30,1,440,1.2,0.2,60.0,9.84,9.09,100.0,14.75,Fair - Basic Service,Low Reliability,250
324,"Location (35.0912, -85.2237)",8635.993054030803,1,17,1,444,1.2,0.11,40.0,9.02,9.09,100.0,10.6,Limited - Minimal Service,Low Reliability,251
