parking_id,name,capacity,distance_to_vw_m,distance_to_vw_miles,vw_distance_category,optimal_walking_scenario,transit_stops_available,daily_transit_trips,service_quality,reliability_class,transit_access_score,frequency_score,distance_score,capacity_score,location_bonus,final_composite_score,suitability_rating,key_strengths,potential_concerns,final_rank,recommendation_tier
26,"Location (35.1160, -85.2772)",786.0,14055.149087703587,8.73,Optimal Distance,Conservative (500m),,,,,24.1,,100.0,24.64,100.0,,Poor - Not Recommended,Optimal Distance from VW,Limited Transit Access,1,Tier 1: Primary Recommendations
94,"Location (35.0958, -85.2230)",351.0,8686.830403585926,5.4,Optimal Distance,Conservative (500m),,,,,11.43,,100.0,11.0,100.0,,Poor - Not Recommended,Optimal Distance from VW,Limited Transit Access,2,Tier 1: Primary Recommendations
139,"Location (35.1081, -85.2368)",278.0,10281.217281283522,6.39,Optimal Distance,Conservative (500m),,,,,13.81,,100.0,8.71,100.0,,Poor - Not Recommended,Optimal Distance from VW,Limited Transit Access,3,Tier 1: Primary Recommendations
4,"Location (35.0168, -85.2999)",2101.0,16831.13678409337,10.46,Far - Acceptable,Conservative (500m),,,,,24.9,,81.69,65.86,50.0,,Poor - Not Recommended,Optimal Distance from VW,Limited Transit Access | Far from VW,4,Tier 1: Primary Recommendations
181,"Location (35.1450, -85.2380)",229.0,12369.750211654045,7.69,Optimal Distance,Conservative (500m),,,,,18.26,,100.0,7.18,100.0,,Poor - Not Recommended,Optimal Distance from VW,Limited Transit Access,5,Tier 1: Primary Recommendations
188,"Location (35.1420, -85.2350)",225.0,11942.771881321734,7.42,Optimal Distance,Conservative (500m),,,,,18.06,,100.0,7.05,100.0,,Poor - Not Recommended,Optimal Distance from VW,Limited Transit Access,6,Tier 2: Strong Alternatives
192,"Location (35.0966, -85.2197)",220.0,8416.608636560028,5.23,Optimal Distance,Conservative (500m),,,,,10.74,,100.0,6.9,100.0,,Poor - Not Recommended,Optimal Distance from VW,Limited Transit Access,7,Tier 2: Strong Alternatives
438,"Location (35.1021, -85.2307)",56.0,9544.66353434196,5.93,Optimal Distance,Conservative (500m),,,,,15.97,,100.0,1.76,100.0,,Poor - Not Recommended,Optimal Distance from VW,Limited Transit Access | Limited Capacity,8,Tier 2: Strong Alternatives
14,"Location (35.1466, -85.2510)",1085.0,13425.069605091669,8.34,Optimal Distance,Conservative (500m),,,,,17.17,,100.0,34.01,100.0,,Poor - Not Recommended,Optimal Distance from VW,Limited Transit Access,9,Tier 2: Strong Alternatives
234,"Location (35.1073, -85.2372)",191.0,10293.659366842465,6.4,Optimal Distance,Conservative (500m),,,,,15.2,,100.0,5.99,100.0,,Poor - Not Recommended,Optimal Distance from VW,Limited Transit Access,10,Tier 2: Strong Alternatives
354,"Location (35.0058, -85.2325)",102.0,12198.095708150671,7.58,Optimal Distance,Conservative (500m),,,,,25.63,,100.0,3.2,100.0,,Poor - Not Recommended,Optimal Distance from VW,Limited Transit Access,11,Tier 2: Strong Alternatives
337,"Location (35.0483, -85.3062)",111.0,16332.16557027244,10.15,Far - Acceptable,Moderate (800m),159.0,24077.0,Excellent - High Frequency,High Reliability,98.96,100.0,86.68,3.48,50.0,84.77,Excellent - Highly Recommended,Excellent Transit Access | High Service Frequency | Optimal Distance from VW,Far from VW,12,Tier 2: Strong Alternatives
417,"Location (35.0476, -85.3068)",65.0,16400.49522657566,10.19,Far - Acceptable,Moderate (800m),156.0,23988.0,Excellent - High Frequency,High Reliability,98.22,99.63,86.0,2.04,50.0,84.1,Excellent - Highly Recommended,Excellent Transit Access | High Service Frequency | Optimal Distance from VW,Far from VW | Limited Capacity,13,Tier 2: Strong Alternatives
358,"Location (35.0465, -85.3051)",100.0,16278.823650005299,10.12,Far - Acceptable,Extended (1000m),191.0,22998.0,Excellent - High Frequency,High Reliability,99.05,95.52,87.21,3.13,50.0,83.76,Excellent - Highly Recommended,Excellent Transit Access | High Service Frequency | Optimal Distance from VW,Far from VW,14,Tier 2: Strong Alternatives
205,"Location (35.0463, -85.3041)",210.0,16187.624910242865,10.06,Far - Acceptable,Extended (1000m),195.0,21869.0,Excellent - High Frequency,High Reliability,100.0,90.83,88.12,6.58,50.0,83.49,Excellent - Highly Recommended,Excellent Transit Access | High Service Frequency | Optimal Distance from VW,Far from VW,15,Tier 2: Strong Alternatives
389,"Location (35.0468, -85.3080)",82.0,16529.77547474899,10.27,Far - Acceptable,Moderate (800m),155.0,23583.0,Excellent - High Frequency,High Reliability,97.1,97.95,84.7,2.57,50.0,83.03,Excellent - Highly Recommended,Excellent Transit Access | High Service Frequency | Optimal Distance from VW,Far from VW | Limited Capacity,16,Tier 3: Viable Options
305,"Location (35.0463, -85.3099)",136.0,16707.881492106386,10.38,Far - Acceptable,Extended (1000m),193.0,22428.0,Excellent - High Frequency,High Reliability,99.33,93.15,82.92,4.26,50.0,82.53,Excellent - Highly Recommended,Excellent Transit Access | High Service Frequency | Optimal Distance from VW,Far from VW,17,Tier 3: Viable Options
320,"Location (35.0453, -85.3062)",120.0,16404.347568691006,10.19,Far - Acceptable,Extended (1000m),193.0,21775.0,Excellent - High Frequency,High Reliability,98.99,90.44,85.96,3.76,50.0,82.27,Excellent - Highly Recommended,Excellent Transit Access | High Service Frequency | Optimal Distance from VW,Far from VW,18,Tier 3: Viable Options
364,"Location (35.0457, -85.3027)",96.0,16078.938046338448,9.99,Far - Acceptable,Extended (1000m),191.0,19882.0,Excellent - High Frequency,High Reliability,98.58,82.58,89.21,3.01,50.0,80.72,Excellent - Highly Recommended,Excellent Transit Access | High Service Frequency | Optimal Distance from VW,Far from VW | Limited Capacity,19,Tier 3: Viable Options
382,"Location (35.0484, -85.3041)",87.0,16145.832784750124,10.03,Far - Acceptable,Extended (1000m),186.0,20169.0,Excellent - High Frequency,High Reliability,98.04,83.77,88.54,2.73,50.0,80.64,Excellent - Highly Recommended,Excellent Transit Access | High Service Frequency | Optimal Distance from VW,Far from VW | Limited Capacity,20,Tier 3: Viable Options
403,"Location (35.0458, -85.3032)",71.0,16122.22954416108,10.02,Far - Acceptable,Extended (1000m),194.0,19532.0,Excellent - High Frequency,High Reliability,99.48,81.12,88.78,2.23,50.0,80.55,Excellent - Highly Recommended,Excellent Transit Access | High Service Frequency | Optimal Distance from VW,Far from VW | Limited Capacity,21,Tier 3: Viable Options
415,"Location (35.0439, -85.3057)",67.0,16388.399951156578,10.18,Far - Acceptable,Extended (1000m),186.0,21100.0,Excellent - High Frequency,High Reliability,95.58,87.64,86.12,2.1,50.0,80.07,Excellent - Highly Recommended,Excellent Transit Access | High Service Frequency | Optimal Distance from VW,Far from VW | Limited Capacity,22,Tier 3: Viable Options
295,"Location (35.0444, -85.3099)",148.0,16751.50025168177,10.41,Far - Acceptable,Extended (1000m),185.0,21351.0,Excellent - High Frequency,High Reliability,95.61,88.68,82.48,4.64,50.0,79.87,Good - Recommended,Excellent Transit Access | High Service Frequency | Optimal Distance from VW,Far from VW,23,Tier 3: Viable Options
456,"Location (35.0488, -85.3039)",50.0,16113.818764930795,10.01,Far - Acceptable,Extended (1000m),186.0,19451.0,Excellent - High Frequency,High Reliability,97.85,80.79,88.86,1.57,50.0,79.77,Good - Recommended,Excellent Transit Access | High Service Frequency | Optimal Distance from VW,Far from VW | Limited Capacity,24,Tier 3: Viable Options
435,"Location (35.0490, -85.3042)",57.0,16138.977126095268,10.03,Far - Acceptable,Extended (1000m),183.0,19908.0,Excellent - High Frequency,High Reliability,96.59,82.68,88.61,1.79,50.0,79.71,Good - Recommended,Excellent Transit Access | High Service Frequency | Optimal Distance from VW,Far from VW | Limited Capacity,25,Tier 3: Viable Options
313,"Location (35.0429, -85.3052)",130.0,16369.717616531281,10.17,Far - Acceptable,Extended (1000m),179.0,20894.0,Excellent - High Frequency,High Reliability,93.94,86.78,86.3,4.08,50.0,79.44,Good - Recommended,Excellent Transit Access | High Service Frequency | Optimal Distance from VW,Far from VW,26,Tier 3: Viable Options
308,"Location (35.0493, -85.3052)",131.0,16222.267759599044,10.08,Far - Acceptable,Extended (1000m),172.0,21178.0,Excellent - High Frequency,High Reliability,91.82,87.96,87.78,4.11,50.0,79.18,Good - Recommended,Excellent Transit Access | High Service Frequency | Optimal Distance from VW,Far from VW,27,Tier 3: Viable Options
338,"Location (35.0437, -85.3047)",111.0,16308.49029452376,10.13,Far - Acceptable,Extended (1000m),182.0,20218.0,Excellent - High Frequency,High Reliability,94.65,83.97,86.92,3.48,50.0,79.09,Good - Recommended,Excellent Transit Access | High Service Frequency | Optimal Distance from VW,Far from VW,28,Tier 3: Viable Options
113,"Location (35.0468, -85.3023)",307.0,16015.371946716066,9.95,Far - Acceptable,Extended (1000m),190.0,17283.0,Excellent - High Frequency,High Reliability,98.7,71.78,89.85,9.62,50.0,78.86,Good - Recommended,Excellent Transit Access | Optimal Distance from VW,Far from VW,29,Tier 3: Viable Options
328,"Location (35.0452, -85.3124)",115.0,16960.252532299142,10.54,Far - Acceptable,Extended (1000m),177.0,20501.0,Excellent - High Frequency,High Reliability,95.0,85.15,80.4,3.61,50.0,78.23,Good - Recommended,Excellent Transit Access | High Service Frequency | Optimal Distance from VW,Far from VW,30,Tier 3: Viable Options
453,"Location (35.0450, -85.3115)",51.0,16876.701925648158,10.49,Far - Acceptable,Extended (1000m),181.0,20010.0,Excellent - High Frequency,High Reliability,95.77,83.11,81.23,1.6,50.0,77.99,Good - Recommended,Excellent Transit Access | High Service Frequency | Optimal Distance from VW,Far from VW | Limited Capacity,31,Tier 4: Marginal Sites
252,"Location (35.0477, -85.3121)",180.0,16874.41713334078,10.49,Far - Acceptable,Extended (1000m),167.0,20898.0,Excellent - High Frequency,High Reliability,91.36,86.8,81.26,5.64,50.0,77.56,Good - Recommended,Excellent Transit Access | High Service Frequency | Optimal Distance from VW,Far from VW,32,Tier 4: Marginal Sites
61,"Location (35.0417, -85.3073)",470.0,16587.101551142212,10.31,Far - Acceptable,Extended (1000m),168.0,19896.0,Excellent - High Frequency,High Reliability,89.41,82.63,84.13,14.73,50.0,77.22,Good - Recommended,Excellent Transit Access | High Service Frequency | Optimal Distance from VW,Far from VW,33,Tier 4: Marginal Sites
292,"Location (35.0443, -85.3118)",152.0,16927.433058822888,10.52,Far - Acceptable,Extended (1000m),177.0,19828.0,Excellent - High Frequency,High Reliability,93.31,82.35,80.73,4.76,50.0,77.03,Good - Recommended,Excellent Transit Access | High Service Frequency | Optimal Distance from VW,Far from VW,34,Tier 4: Marginal Sites
434,"Location (35.0463, -85.3123)",58.0,16919.713707409188,10.51,Far - Acceptable,Extended (1000m),176.0,20235.0,Excellent - High Frequency,High Reliability,92.93,84.04,80.8,1.82,50.0,77.02,Good - Recommended,Excellent Transit Access | High Service Frequency | Optimal Distance from VW,Far from VW | Limited Capacity,35,Tier 4: Marginal Sites
290,"Location (35.0503, -85.3092)",154.0,16557.278339854693,10.29,Far - Acceptable,Extended (1000m),159.0,20126.0,Excellent - High Frequency,High Reliability,90.51,83.59,84.43,4.83,50.0,76.97,Good - Recommended,Excellent Transit Access | High Service Frequency | Optimal Distance from VW,Far from VW,36,Tier 4: Marginal Sites
345,"Location (35.0503, -85.3088)",107.0,16525.463031721294,10.27,Far - Acceptable,Extended (1000m),160.0,20271.0,Excellent - High Frequency,High Reliability,90.31,84.19,84.75,3.35,50.0,76.96,Good - Recommended,Excellent Transit Access | High Service Frequency | Optimal Distance from VW,Far from VW,37,Tier 4: Marginal Sites
310,Unum,131.0,16181.457574197351,10.05,Far - Acceptable,Extended (1000m),169.0,18990.0,Excellent - High Frequency,High Reliability,90.74,78.87,88.19,4.11,50.0,76.56,Good - Recommended,Excellent Transit Access | Optimal Distance from VW,Far from VW,38,Tier 4: Marginal Sites
363,"Location (35.0497, -85.3039)",99.0,16096.553826358062,10.0,Far - Acceptable,Extended (1000m),180.0,17158.0,Excellent - High Frequency,High Reliability,95.28,71.26,89.03,3.1,50.0,76.54,Good - Recommended,Excellent Transit Access | Optimal Distance from VW,Far from VW | Limited Capacity,39,Tier 4: Marginal Sites
381,"Location (35.0495, -85.3031)",87.0,16029.088627632473,9.96,Far - Acceptable,Extended (1000m),180.0,15961.0,Excellent - High Frequency,High Reliability,95.71,66.29,89.71,2.73,50.0,75.57,Good - Recommended,Excellent Transit Access | Optimal Distance from VW,Far from VW | Limited Capacity,40,Tier 4: Marginal Sites
383,"Location (35.0446, -85.3130)",87.0,17019.948841998597,10.58,Far - Acceptable,Extended (1000m),169.0,19118.0,Excellent - High Frequency,High Reliability,91.29,79.4,79.8,2.73,50.0,75.1,Good - Recommended,Excellent Transit Access,Far from VW | Limited Capacity,41,Tier 4: Marginal Sites
451,"Location (35.0410, -85.3059)",51.0,16484.3024649258,10.24,Far - Acceptable,Extended (1000m),172.0,18845.0,Excellent - High Frequency,High Reliability,89.28,78.27,85.16,1.6,50.0,74.97,Good - Recommended,Excellent Transit Access | Optimal Distance from VW,Far from VW | Limited Capacity,42,Tier 4: Marginal Sites
321,"Location (35.0476, -85.3019)",119.0,15966.306868863656,9.92,Far - Acceptable,Extended (1000m),185.0,13922.0,Excellent - High Frequency,High Reliability,97.03,57.82,90.34,3.73,50.0,74.21,Good - Recommended,Excellent Transit Access | Optimal Distance from VW,Far from VW,43,Tier 4: Marginal Sites
425,"Location (35.0407, -85.3074)",60.0,16623.082664037836,10.33,Far - Acceptable,Extended (1000m),165.0,18252.0,Excellent - High Frequency,High Reliability,88.85,75.81,83.77,1.88,50.0,73.93,Good - Recommended,Excellent Transit Access | Optimal Distance from VW,Far from VW | Limited Capacity,44,Tier 4: Marginal Sites
448,"Location (35.0480, -85.3132)",52.0,16969.271018552554,10.54,Far - Acceptable,Extended (1000m),157.0,19435.0,Excellent - High Frequency,High Reliability,87.14,80.72,80.31,1.63,50.0,73.76,Good - Recommended,Excellent Transit Access | High Service Frequency | Optimal Distance from VW,Far from VW | Limited Capacity,45,Tier 4: Marginal Sites
406,"Location (35.0507, -85.3050)",71.0,16177.330964942808,10.05,Far - Acceptable,Extended (1000m),157.0,16275.0,Excellent - High Frequency,High Reliability,88.27,67.6,88.23,2.23,50.0,72.57,Good - Recommended,Excellent Transit Access | Optimal Distance from VW,Far from VW | Limited Capacity,46,Tier 4: Marginal Sites
367,"Location (35.0508, -85.3045)",95.0,16130.691964812297,10.02,Far - Acceptable,Extended (1000m),154.0,16396.0,Excellent - High Frequency,High Reliability,87.43,68.1,88.69,2.98,50.0,72.53,Good - Recommended,Excellent Transit Access | Optimal Distance from VW,Far from VW | Limited Capacity,47,Tier 4: Marginal Sites
449,"Location (35.0507, -85.3113)",51.0,16736.968889428194,10.4,Far - Acceptable,Extended (1000m),146.0,17817.0,Excellent - High Frequency,High Reliability,87.03,74.0,82.63,1.6,50.0,72.5,Good - Recommended,Excellent Transit Access | Optimal Distance from VW,Far from VW | Limited Capacity,48,Tier 4: Marginal Sites
283,"Location (35.0485, -85.3134)",165.0,16978.071487409667,10.55,Far - Acceptable,Extended (1000m),151.0,18541.0,Excellent - High Frequency,High Reliability,85.41,77.01,80.22,5.17,50.0,72.48,Good - Recommended,Excellent Transit Access | Optimal Distance from VW,Far from VW,49,Tier 4: Marginal Sites
298,"Location (35.0400, -85.3066)",147.0,16568.501956752803,10.3,Far - Acceptable,Extended (1000m),165.0,16957.0,Excellent - High Frequency,High Reliability,86.45,70.43,84.31,4.61,50.0,72.01,Good - Recommended,Excellent Transit Access | Optimal Distance from VW,Far from VW,50,Tier 4: Marginal Sites
404,"Location (35.0420, -85.3024)",71.0,16148.626481685827,10.03,Far - Acceptable,Extended (1000m),164.0,14801.0,Excellent - High Frequency,High Reliability,88.36,61.47,88.51,2.23,50.0,71.14,Good - Recommended,Excellent Transit Access | Optimal Distance from VW,Far from VW | Limited Capacity,51,Tier 4: Marginal Sites
419,"Location (35.0493, -85.3135)",65.0,16968.231163954893,10.54,Far - Acceptable,Extended (1000m),146.0,17776.0,Excellent - High Frequency,High Reliability,83.75,73.83,80.32,2.04,50.0,70.72,Good - Recommended,Excellent Transit Access | Optimal Distance from VW,Far from VW | Limited Capacity,52,Tier 4: Marginal Sites
125,"Location (35.0516, -85.3070)",292.0,16337.989328924748,10.15,Far - Acceptable,Extended (1000m),141.0,15038.0,Excellent - High Frequency,High Reliability,85.76,62.46,86.62,9.15,50.0,70.66,Good - Recommended,Excellent Transit Access | Optimal Distance from VW,Far from VW,53,Tier 4: Marginal Sites
422,"Location (35.0512, -85.3101)",63.0,16628.625284649537,10.33,Far - Acceptable,Extended (1000m),142.0,15720.0,Excellent - High Frequency,High Reliability,86.75,65.29,83.71,1.97,50.0,70.46,Good - Recommended,Excellent Transit Access | Optimal Distance from VW,Far from VW | Limited Capacity,54,Tier 4: Marginal Sites
267,"Location (35.0507, -85.3124)",173.0,16835.740108463662,10.46,Far - Acceptable,Extended (1000m),137.0,15570.0,Excellent - High Frequency,High Reliability,83.08,64.67,81.64,5.42,50.0,68.77,Good - Recommended,Excellent Transit Access | Optimal Distance from VW,Far from VW,55,Tier 4: Marginal Sites
211,"Location (35.0503, -85.3132)",207.0,16921.75745981278,10.51,Far - Acceptable,Extended (1000m),137.0,15952.0,Excellent - High Frequency,High Reliability,81.88,66.25,80.78,6.49,50.0,68.62,Good - Recommended,Excellent Transit Access | Optimal Distance from VW,Far from VW,56,Tier 4: Marginal Sites
242,"Location (35.0389, -85.3084)",188.0,16760.843058359744,10.41,Far - Acceptable,Extended (1000m),149.0,15231.0,Excellent - High Frequency,High Reliability,82.07,63.26,82.39,5.89,50.0,68.21,Good - Recommended,Excellent Transit Access | Optimal Distance from VW,Far from VW,57,Tier 4: Marginal Sites
431,48,59.0,15916.949367174317,9.89,Far - Acceptable,Extended (1000m),170.0,10021.0,Excellent - High Frequency,High Reliability,92.29,41.62,90.83,1.85,50.0,68.17,Good - Recommended,Excellent Transit Access | Optimal Distance from VW,Low Service Frequency | Far from VW | Limited Capacity,58,Tier 4: Marginal Sites
249,"Location (35.0405, -85.3140)",181.0,17211.462347659683,10.69,Far - Acceptable,Extended (1000m),140.0,15602.0,Excellent - High Frequency,High Reliability,81.03,64.8,77.89,5.67,50.0,67.26,Good - Recommended,Excellent Transit Access,Far from VW,59,Tier 4: Marginal Sites
331,"Location (35.0399, -85.3122)",114.0,17071.805458025196,10.61,Far - Acceptable,Extended (1000m),145.0,15733.0,Excellent - High Frequency,High Reliability,80.39,65.34,79.28,3.57,50.0,67.2,Good - Recommended,Excellent Transit Access,Far from VW,60,Tier 4: Marginal Sites
106,"Location (35.0463, -85.3161)",324.0,17263.52935324641,10.73,Far - Acceptable,Extended (1000m),135.0,14658.0,Excellent - High Frequency,High Reliability,81.13,60.88,77.36,10.16,50.0,66.66,Good - Recommended,Excellent Transit Access,Far from VW,61,Tier 4: Marginal Sites
25,"Location (35.0486, -85.3163)",794.0,17232.03275302098,10.71,Far - Acceptable,Extended (1000m),123.0,14433.0,Excellent - High Frequency,High Reliability,77.06,59.95,77.68,24.89,50.0,66.33,Good - Recommended,,Far from VW,62,Tier 4: Marginal Sites
157,"Location (35.0387, -85.3114)",255.0,17034.869119738145,10.58,Far - Acceptable,Extended (1000m),136.0,14582.0,Excellent - High Frequency,High Reliability,79.18,60.56,79.65,7.99,50.0,66.04,Good - Recommended,,Far from VW,63,Tier 4: Marginal Sites
268,"Location (35.0417, -85.2999)",172.0,15931.2022056516,9.9,Far - Acceptable,Extended (1000m),151.0,8953.0,Excellent - High Frequency,High Reliability,81.89,37.18,90.69,5.39,50.0,63.23,Fair - Acceptable with Limitations,Excellent Transit Access | Optimal Distance from VW,Low Service Frequency | Far from VW,64,Tier 4: Marginal Sites
137,"Location (35.0505, -85.3152)",281.0,17093.898998065302,10.62,Far - Acceptable,Extended (1000m),113.0,13831.0,Excellent - High Frequency,High Reliability,73.67,57.44,79.06,8.81,50.0,63.02,Fair - Acceptable with Limitations,,Far from VW,65,Tier 4: Marginal Sites
322,"Location (35.0542, -85.3069)",118.0,16281.397583265654,10.12,Far - Acceptable,Extended (1000m),112.0,10979.0,Excellent - High Frequency,High Reliability,73.77,45.6,87.19,3.7,50.0,61.21,Fair - Acceptable with Limitations,Optimal Distance from VW,Low Service Frequency | Far from VW,66,Tier 4: Marginal Sites
341,"Location (35.0373, -85.3118)",108.0,17108.255638288698,10.63,Far - Acceptable,Extended (1000m),122.0,11642.0,Excellent - High Frequency,High Reliability,75.67,48.35,78.92,3.39,50.0,60.98,Fair - Acceptable with Limitations,,Low Service Frequency | Far from VW,67,Tier 4: Marginal Sites
317,"Location (35.0377, -85.3131)",121.0,17212.887363914637,10.7,Far - Acceptable,Extended (1000m),119.0,11981.0,Excellent - High Frequency,High Reliability,74.87,49.76,77.87,3.79,50.0,60.84,Fair - Acceptable with Limitations,,Low Service Frequency | Far from VW,68,Tier 4: Marginal Sites
160,"Location (35.0471, -85.3177)",253.0,17390.384389220973,10.81,Far - Acceptable,Extended (1000m),114.0,10847.0,Excellent - High Frequency,High Reliability,77.54,45.05,76.1,7.93,50.0,60.79,Fair - Acceptable with Limitations,,Low Service Frequency | Far from VW,69,Tier 4: Marginal Sites
18,"Location (35.0379, -85.3148)",881.0,17355.78547869321,10.78,Far - Acceptable,Extended (1000m),109.0,10490.0,Excellent - High Frequency,High Reliability,72.51,43.57,76.44,27.62,50.0,60.45,Fair - Acceptable with Limitations,,Low Service Frequency | Far from VW,70,Tier 4: Marginal Sites
222,32,201.0,15746.740184657952,9.78,Far - Acceptable,Extended (1000m),125.0,7200.0,Excellent - High Frequency,High Reliability,77.94,29.9,92.53,6.3,50.0,60.29,Fair - Acceptable with Limitations,Optimal Distance from VW,Low Service Frequency | Far from VW,71,Tier 4: Marginal Sites
287,"Location (35.0529, -85.3128)",156.0,16839.151817133115,10.46,Far - Acceptable,Extended (1000m),98.0,10582.0,Excellent - High Frequency,High Reliability,71.37,43.95,81.61,4.89,50.0,58.85,Fair - Acceptable with Limitations,Optimal Distance from VW,Low Service Frequency | Far from VW,72,Tier 4: Marginal Sites
385,"Location (35.0453, -85.2959)",85.0,15487.343342288783,9.62,Far - Acceptable,Extended (1000m),99.0,9279.0,Excellent - High Frequency,High Reliability,68.21,38.54,95.13,2.66,50.0,58.71,Fair - Acceptable with Limitations,Optimal Distance from VW,Low Service Frequency | Far from VW | Limited Capacity,73,Tier 4: Marginal Sites
347,"Location (35.0544, -85.3102)",106.0,16575.195954255156,10.3,Far - Acceptable,Extended (1000m),103.0,9549.0,Excellent - High Frequency,High Reliability,72.06,39.66,84.25,3.32,50.0,58.42,Fair - Acceptable with Limitations,Optimal Distance from VW,Low Service Frequency | Far from VW,74,Tier 4: Marginal Sites
191,"Location (35.0469, -85.2948)",220.0,15347.210663359187,9.54,Far - Acceptable,Extended (1000m),88.0,8819.0,Excellent - High Frequency,High Reliability,66.89,36.63,96.53,6.9,50.0,58.41,Fair - Acceptable with Limitations,Optimal Distance from VW,Low Service Frequency | Far from VW,75,Tier 4: Marginal Sites
224,"Location (35.0470, -85.2966)",198.0,15500.740469863349,9.63,Far - Acceptable,Extended (1000m),100.0,8902.0,Excellent - High Frequency,High Reliability,67.51,36.97,94.99,6.21,50.0,58.37,Fair - Acceptable with Limitations,Optimal Distance from VW,Low Service Frequency | Far from VW,76,Tier 4: Marginal Sites
291,"Location (35.0427, -85.2985)",154.0,15778.425307368572,9.8,Far - Acceptable,Extended (1000m),126.0,6191.0,Excellent - High Frequency,High Reliability,75.56,25.71,92.22,4.83,50.0,58.08,Fair - Acceptable with Limitations,Optimal Distance from VW,Low Service Frequency | Far from VW,77,Tier 4: Marginal Sites
372,"Location (35.0364, -85.3057)",89.0,16594.150167871016,10.31,Far - Acceptable,Extended (1000m),129.0,8474.0,Excellent - High Frequency,High Reliability,72.46,35.2,84.06,2.79,50.0,57.37,Fair - Acceptable with Limitations,Optimal Distance from VW,Low Service Frequency | Far from VW | Limited Capacity,78,Tier 4: Marginal Sites
284,33,163.0,15640.676874620724,9.72,Far - Acceptable,Extended (1000m),94.0,7558.0,Excellent - High Frequency,High Reliability,68.92,31.39,93.59,5.11,50.0,57.14,Fair - Acceptable with Limitations,Optimal Distance from VW,Low Service Frequency | Far from VW,79,Tier 4: Marginal Sites
352,"Location (35.0362, -85.3051)",103.0,16551.349007836325,10.28,Far - Acceptable,Extended (1000m),129.0,7958.0,Excellent - High Frequency,High Reliability,71.86,33.05,84.49,3.23,50.0,56.73,Fair - Acceptable with Limitations,Optimal Distance from VW,Low Service Frequency | Far from VW,80,Tier 4: Marginal Sites
371,"Location (35.0433, -85.2963)",90.0,15569.144624893748,9.67,Far - Acceptable,Extended (1000m),94.0,7684.0,Excellent - High Frequency,High Reliability,66.91,31.91,94.31,2.82,50.0,56.39,Fair - Acceptable with Limitations,Optimal Distance from VW,Low Service Frequency | Far from VW | Limited Capacity,81,Tier 4: Marginal Sites
255,"Location (35.0490, -85.2944)",179.0,15265.89405365675,9.49,Far - Acceptable,Extended (1000m),75.0,7725.0,Excellent - High Frequency,High Reliability,64.45,32.08,97.34,5.61,50.0,56.33,Fair - Acceptable with Limitations,Optimal Distance from VW,Low Service Frequency | Far from VW,82,Tier 4: Marginal Sites
405,"Location (35.0361, -85.3092)",71.0,16916.238030758424,10.51,Far - Acceptable,Extended (1000m),113.0,8500.0,Excellent - High Frequency,High Reliability,71.52,35.3,80.84,2.23,50.0,56.32,Fair - Acceptable with Limitations,Optimal Distance from VW,Low Service Frequency | Far from VW | Limited Capacity,83,Tier 4: Marginal Sites
446,"Location (35.0412, -85.2989)",52.0,15856.884935670714,9.85,Far - Acceptable,Extended (1000m),129.0,5015.0,Excellent - High Frequency,High Reliability,74.76,20.83,91.43,1.63,50.0,56.06,Fair - Acceptable with Limitations,Optimal Distance from VW,Low Service Frequency | Far from VW | Limited Capacity,84,Tier 4: Marginal Sites
327,"Location (35.0551, -85.3114)",116.0,16669.476794884038,10.36,Far - Acceptable,Extended (1000m),91.0,8848.0,Excellent - High Frequency,High Reliability,68.09,36.75,83.31,3.64,50.0,55.95,Fair - Acceptable with Limitations,Optimal Distance from VW,Low Service Frequency | Far from VW,85,Tier 4: Marginal Sites
373,"Location (35.0540, -85.3125)",89.0,16785.73066389898,10.43,Far - Acceptable,Extended (1000m),82.0,9814.0,Excellent - High Frequency,High Reliability,66.3,40.76,82.14,2.79,50.0,55.92,Fair - Acceptable with Limitations,Optimal Distance from VW,Low Service Frequency | Far from VW | Limited Capacity,86,Tier 4: Marginal Sites
165,"Location (35.0439, -85.2878)",249.0,14801.097784879394,9.2,Optimal Distance,Extended (1000m),64.0,6034.0,Excellent - High Frequency,High Reliability,59.59,25.06,100.0,7.81,100.0,55.88,Fair - Acceptable with Limitations,Optimal Distance from VW,Low Service Frequency,87,Tier 4: Marginal Sites
108,"Location (35.0480, -85.2928)",320.0,15139.132416917933,9.41,Far - Acceptable,Extended (1000m),68.0,7076.0,Excellent - High Frequency,High Reliability,62.38,29.39,98.61,10.03,50.0,55.52,Fair - Acceptable with Limitations,Optimal Distance from VW,Low Service Frequency | Far from VW,88,Tier 4: Marginal Sites
197,"Location (35.0457, -85.2877)",218.0,14747.400344846877,9.16,Optimal Distance,Extended (1000m),59.0,5835.0,Excellent - High Frequency,High Reliability,59.1,24.23,100.0,6.83,100.0,55.38,Fair - Acceptable with Limitations,Optimal Distance from VW,Low Service Frequency,89,Tier 4: Marginal Sites
433,"Location (35.0353, -85.3087)",58.0,16890.926791164453,10.5,Far - Acceptable,Extended (1000m),105.0,7841.0,Excellent - High Frequency,High Reliability,68.32,32.57,81.09,1.82,50.0,54.37,Fair - Acceptable with Limitations,Optimal Distance from VW,Low Service Frequency | Far from VW | Limited Capacity,90,Tier 4: Marginal Sites
395,"Location (35.0428, -85.2917)",74.0,15181.34014230995,9.43,Far - Acceptable,Extended (1000m),70.0,6819.0,Excellent - High Frequency,High Reliability,60.59,28.32,98.19,2.32,50.0,53.69,Fair - Acceptable with Limitations,Optimal Distance from VW,Low Service Frequency | Far from VW | Limited Capacity,91,Tier 4: Marginal Sites
370,"Location (35.0495, -85.2880)",94.0,14683.180453394674,9.12,Optimal Distance,Extended (1000m),54.0,4896.0,Excellent - High Frequency,High Reliability,54.48,20.33,100.0,2.95,100.0,52.17,Fair - Acceptable with Limitations,Optimal Distance from VW,Low Service Frequency | Limited Capacity,92,Tier 4: Marginal Sites
368,"Location (35.0351, -85.3120)",94.0,17186.37617956679,10.68,Far - Acceptable,Extended (1000m),98.0,6231.0,Excellent - High Frequency,High Reliability,67.72,25.88,78.14,2.95,50.0,51.98,Fair - Acceptable with Limitations,,Low Service Frequency | Far from VW | Limited Capacity,93,Tier 4: Marginal Sites
119,"Location (35.0438, -85.2821)",299.0,14308.119153063293,8.89,Optimal Distance,Extended (1000m),58.0,3780.0,Excellent - High Frequency,High Reliability,55.2,15.7,100.0,9.37,100.0,51.94,Fair - Acceptable with Limitations,Optimal Distance from VW,Low Service Frequency,94,Tier 4: Marginal Sites
149,"Location (35.0346, -85.2698)",260.0,13541.04134113435,8.41,Optimal Distance,Extended (1000m),95.0,4040.0,Excellent - High Frequency,High Reliability,54.54,16.78,100.0,8.15,100.0,51.83,Fair - Acceptable with Limitations,Optimal Distance from VW,Low Service Frequency,95,Tier 4: Marginal Sites
136,"Location (35.0434, -85.2808)",281.0,14206.421505664664,8.83,Optimal Distance,Extended (1000m),60.0,3810.0,Excellent - High Frequency,High Reliability,54.91,15.82,100.0,8.81,100.0,51.8,Fair - Acceptable with Limitations,Optimal Distance from VW,Low Service Frequency,96,Tier 4: Marginal Sites
73,"Location (35.0339, -85.2680)",419.0,13418.500163092833,8.34,Optimal Distance,Extended (1000m),88.0,3916.0,Excellent - High Frequency,High Reliability,53.37,16.26,100.0,13.13,100.0,51.73,Fair - Acceptable with Limitations,Optimal Distance from VW,Low Service Frequency,97,Tier 4: Marginal Sites
377,"Location (35.0523, -85.2978)",88.0,15496.25578278456,9.63,Far - Acceptable,Extended (1000m),64.0,5594.0,Excellent - High Frequency,High Reliability,59.97,23.23,95.04,2.76,50.0,51.58,Fair - Acceptable with Limitations,Optimal Distance from VW,Low Service Frequency | Far from VW | Limited Capacity,98,Tier 4: Marginal Sites
254,"Location (35.0401, -85.2715)",180.0,13492.157510081626,8.38,Optimal Distance,Extended (1000m),91.0,2810.0,Excellent - High Frequency,High Reliability,57.18,11.67,100.0,5.64,100.0,51.36,Fair - Acceptable with Limitations,Optimal Distance from VW,Low Service Frequency,99,Tier 4: Marginal Sites
351,"Location (35.0441, -85.2791)",103.0,14033.981735150313,8.72,Optimal Distance,Extended (1000m),64.0,3415.0,Excellent - High Frequency,High Reliability,55.82,14.18,100.0,3.23,100.0,51.2,Fair - Acceptable with Limitations,Optimal Distance from VW,Low Service Frequency,100,Tier 4: Marginal Sites
239,"Location (35.0361, -85.2689)",190.0,13411.515262954665,8.33,Optimal Distance,Extended (1000m),98.0,4163.0,Excellent - High Frequency,High Reliability,53.14,17.29,100.0,5.96,100.0,51.17,Fair - Acceptable with Limitations,Optimal Distance from VW,Low Service Frequency,101,Tier 4: Marginal Sites
263,"Location (35.0499, -85.2870)",175.0,14586.847695785582,9.06,Optimal Distance,Extended (1000m),54.0,4158.0,Excellent - High Frequency,High Reliability,53.17,17.27,100.0,5.49,100.0,51.13,Fair - Acceptable with Limitations,Optimal Distance from VW,Low Service Frequency,102,Tier 4: Marginal Sites
60,"Location (35.0346, -85.2663)",475.0,13242.823789912638,8.23,Optimal Distance,Extended (1000m),87.0,3774.0,Excellent - High Frequency,High Reliability,51.08,15.67,100.0,14.89,100.0,50.84,Fair - Acceptable with Limitations,Optimal Distance from VW,Low Service Frequency,103,Tier 4: Marginal Sites
369,"Location (35.0353, -85.3131)",94.0,17279.71598616369,10.74,Far - Acceptable,Extended (1000m),90.0,6089.0,Excellent - High Frequency,High Reliability,64.71,25.29,77.2,2.95,50.0,50.44,Fair - Acceptable with Limitations,,Low Service Frequency | Far from VW | Limited Capacity,104,Tier 4: Marginal Sites
175,"Location (35.0322, -85.2740)",236.0,13994.223044589175,8.7,Optimal Distance,Extended (1000m),88.0,3292.0,Excellent - High Frequency,High Reliability,53.13,13.67,100.0,7.4,100.0,50.41,Fair - Acceptable with Limitations,Optimal Distance from VW,Low Service Frequency,105,Tier 4: Marginal Sites
457,"Location (35.0345, -85.3072)",50.0,16784.954608764467,10.43,Far - Acceptable,Extended (1000m),94.0,6371.0,Excellent - High Frequency,High Reliability,61.75,26.46,82.15,1.57,50.0,50.4,Fair - Acceptable with Limitations,Optimal Distance from VW,Low Service Frequency | Far from VW | Limited Capacity,106,Tier 4: Marginal Sites
52,"Location (35.0554, -85.3148)",500.0,16978.534638421217,10.55,Far - Acceptable,Extended (1000m),71.0,6231.0,Excellent - High Frequency,High Reliability,57.84,25.88,80.21,15.67,50.0,49.72,Poor - Not Recommended,Optimal Distance from VW,Low Service Frequency | Far from VW,107,Tier 4: Marginal Sites
220,"Location (35.0394, -85.2659)",202.0,13026.373818775985,8.09,Optimal Distance,Extended (1000m),91.0,2794.0,Excellent - High Frequency,High Reliability,52.26,11.6,100.0,6.33,100.0,49.44,Poor - Not Recommended,Optimal Distance from VW,Low Service Frequency,108,Tier 4: Marginal Sites
458,"Location (35.0308, -85.2699)",50.0,13701.862328263749,8.51,Optimal Distance,Extended (1000m),79.0,3297.0,Excellent - High Frequency,High Reliability,51.33,13.69,100.0,1.57,100.0,49.11,Poor - Not Recommended,Optimal Distance from VW,Low Service Frequency | Limited Capacity,109,Tier 4: Marginal Sites
271,"Location (35.0494, -85.2763)",169.0,13640.820116451456,8.48,Optimal Distance,Extended (1000m),52.0,1813.0,Excellent - High Frequency,High Reliability,52.57,7.53,100.0,5.3,100.0,48.44,Poor - Not Recommended,Optimal Distance from VW,Low Service Frequency,110,Tier 4: Marginal Sites
247,"Location (35.0487, -85.2783)",182.0,13834.205633193116,8.6,Optimal Distance,Extended (1000m),50.0,1573.0,Excellent - High Frequency,High Reliability,52.9,6.53,100.0,5.71,100.0,48.36,Poor - Not Recommended,Optimal Distance from VW,Low Service Frequency,111,Tier 4: Marginal Sites
265,"Location (35.0373, -85.2639)",174.0,12932.748172394337,8.04,Optimal Distance,Extended (1000m),87.0,2606.0,Excellent - High Frequency,High Reliability,49.76,10.82,100.0,5.45,100.0,48.15,Poor - Not Recommended,Optimal Distance from VW,Limited Transit Access | Low Service Frequency,112,Tier 4: Marginal Sites
2,"Location (35.1132, -85.2471)",3190.0,11364.192388386673,7.06,Optimal Distance,Extended (1000m),11.0,420.0,Excellent - High Frequency,High Reliability,30.94,1.74,100.0,100.0,100.0,47.81,Poor - Not Recommended,Optimal Distance from VW | Large Capacity,Limited Transit Access | Low Service Frequency,113,Tier 4: Marginal Sites
7,"Location (35.0098, -85.2057)",1457.0,10122.094320735687,6.29,Optimal Distance,Extended (1000m),18.0,1480.0,Excellent - High Frequency,High Reliability,37.95,6.15,100.0,45.67,100.0,46.29,Poor - Not Recommended,Optimal Distance from VW,Limited Transit Access | Low Service Frequency,114,Tier 4: Marginal Sites
259,"Location (35.0257, -85.2775)",177.0,14564.408062248234,9.05,Optimal Distance,Extended (1000m),60.0,1570.0,Excellent - High Frequency,High Reliability,47.3,6.52,100.0,5.55,100.0,46.1,Poor - Not Recommended,Optimal Distance from VW,Limited Transit Access | Low Service Frequency,115,Tier 4: Marginal Sites
103,"Location (35.0575, -85.2541)",333.0,11473.83984501075,7.13,Optimal Distance,Extended (1000m),64.0,1202.0,Excellent - High Frequency,High Reliability,46.95,4.99,100.0,10.44,100.0,46.07,Poor - Not Recommended,Optimal Distance from VW,Limited Transit Access | Low Service Frequency,116,Tier 4: Marginal Sites
131,"Location (35.0588, -85.2533)",287.0,11376.919740022213,7.07,Optimal Distance,Extended (1000m),63.0,1203.0,Excellent - High Frequency,High Reliability,46.24,5.0,100.0,9.0,100.0,45.64,Poor - Not Recommended,Optimal Distance from VW,Limited Transit Access | Low Service Frequency,117,Tier 4: Marginal Sites
152,"Location (35.0228, -85.2752)",257.0,14501.092639079932,9.01,Optimal Distance,Extended (1000m),51.0,2066.0,Excellent - High Frequency,High Reliability,43.97,8.58,100.0,8.06,100.0,45.54,Poor - Not Recommended,Optimal Distance from VW,Limited Transit Access | Low Service Frequency,118,Tier 4: Marginal Sites
54,"Location (35.0093, -85.2136)",496.0,10668.579077980667,6.63,Optimal Distance,Extended (1000m),25.0,2101.0,Excellent - High Frequency,High Reliability,41.18,8.73,100.0,15.55,100.0,45.21,Poor - Not Recommended,Optimal Distance from VW,Limited Transit Access | Low Service Frequency,119,Tier 4: Marginal Sites
279,"Location (35.0411, -85.2619)",167.0,12621.061989345246,7.84,Optimal Distance,Extended (1000m),73.0,1198.0,Excellent - High Frequency,High Reliability,45.21,4.98,100.0,5.24,100.0,44.85,Poor - Not Recommended,Optimal Distance from VW,Limited Transit Access | Low Service Frequency,120,Tier 4: Marginal Sites
36,"Location (35.0142, -85.2121)",587.0,10189.562171026239,6.33,Optimal Distance,Extended (1000m),25.0,1895.0,Excellent - High Frequency,High Reliability,40.01,7.87,100.0,18.4,100.0,44.81,Poor - Not Recommended,Optimal Distance from VW,Limited Transit Access | Low Service Frequency,121,Tier 4: Marginal Sites
59,"Location (35.0243, -85.2452)",476.0,11974.843702041577,7.44,Optimal Distance,Extended (1000m),23.0,1922.0,Excellent - High Frequency,High Reliability,40.41,7.98,100.0,14.92,100.0,44.65,Poor - Not Recommended,Optimal Distance from VW,Limited Transit Access | Low Service Frequency,122,Tier 4: Marginal Sites
270,"Location (35.0349, -85.3148)",170.0,17442.139198662375,10.84,Far - Acceptable,Extended (1000m),80.0,3596.0,Excellent - High Frequency,High Reliability,56.84,14.94,75.58,5.33,50.0,44.62,Poor - Not Recommended,,Low Service Frequency | Far from VW,123,Tier 4: Marginal Sites
173,"Location (35.0098, -85.2182)",240.0,10923.318282043329,6.79,Optimal Distance,Extended (1000m),27.0,2173.0,Excellent - High Frequency,High Reliability,41.34,9.03,100.0,7.52,100.0,44.55,Poor - Not Recommended,Optimal Distance from VW,Limited Transit Access | Low Service Frequency,124,Tier 4: Marginal Sites
12,"Location (35.0266, -85.1941)",1185.0,8049.539458071221,5.0,Optimal Distance,Extended (1000m),13.0,1034.0,Excellent - High Frequency,High Reliability,36.45,4.29,100.0,37.15,100.0,44.37,Poor - Not Recommended,Optimal Distance from VW,Limited Transit Access | Low Service Frequency,125,Tier 4: Marginal Sites
120,"Location (35.0456, -85.2590)",297.0,12225.56343242518,7.6,Optimal Distance,Extended (1000m),63.0,1073.0,Excellent - High Frequency,High Reliability,43.17,4.46,100.0,9.31,100.0,44.31,Poor - Not Recommended,Optimal Distance from VW,Limited Transit Access | Low Service Frequency,126,Tier 4: Marginal Sites
260,"Location (35.0441, -85.2600)",177.0,12359.246070143075,7.68,Optimal Distance,Extended (1000m),70.0,967.0,Excellent - High Frequency,High Reliability,44.32,4.02,100.0,5.55,100.0,44.29,Poor - Not Recommended,Optimal Distance from VW,Limited Transit Access | Low Service Frequency,127,Tier 4: Marginal Sites
67,"Location (35.0378, -85.2588)",446.0,12478.18452894339,7.75,Optimal Distance,Extended (1000m),48.0,988.0,Excellent - High Frequency,High Reliability,42.03,4.1,100.0,13.98,100.0,44.24,Poor - Not Recommended,Optimal Distance from VW,Limited Transit Access | Low Service Frequency,128,Tier 4: Marginal Sites
38,"Location (35.0084, -85.2163)",564.0,10911.536282753124,6.78,Optimal Distance,Extended (1000m),27.0,1966.0,Excellent - High Frequency,High Reliability,38.53,8.17,100.0,17.68,100.0,44.22,Poor - Not Recommended,Optimal Distance from VW,Limited Transit Access | Low Service Frequency,129,Tier 4: Marginal Sites
158,"Location (35.0185, -85.2388)",255.0,11810.946270524515,7.34,Optimal Distance,Extended (1000m),25.0,1967.0,Excellent - High Frequency,High Reliability,40.65,8.17,100.0,7.99,100.0,44.1,Poor - Not Recommended,Optimal Distance from VW,Limited Transit Access | Low Service Frequency,130,Tier 4: Marginal Sites
394,"Location (35.0102, -85.2146)",74.0,10660.60351397197,6.62,Optimal Distance,Extended (1000m),28.0,2412.0,Excellent - High Frequency,High Reliability,40.89,10.02,100.0,2.32,100.0,44.09,Poor - Not Recommended,Optimal Distance from VW,Limited Transit Access | Low Service Frequency | Limited Capacity,131,Tier 4: Marginal Sites
41,"Location (35.0119, -85.2118)",549.0,10348.457393685041,6.43,Optimal Distance,Extended (1000m),25.0,2101.0,Excellent - High Frequency,High Reliability,37.91,8.73,100.0,17.21,100.0,44.07,Poor - Not Recommended,Optimal Distance from VW,Limited Transit Access | Low Service Frequency,132,Tier 4: Marginal Sites
245,"Location (35.0194, -85.2396)",183.0,11817.474982558093,7.34,Optimal Distance,Extended (1000m),25.0,1864.0,Excellent - High Frequency,High Reliability,41.34,7.74,100.0,5.74,100.0,44.05,Poor - Not Recommended,Optimal Distance from VW,Limited Transit Access | Low Service Frequency,133,Tier 4: Marginal Sites
445,"Location (35.0103, -85.2197)",52.0,10989.04308156252,6.83,Optimal Distance,Extended (1000m),27.0,2069.0,Excellent - High Frequency,High Reliability,41.67,8.59,100.0,1.63,100.0,43.98,Poor - Not Recommended,Optimal Distance from VW,Limited Transit Access | Low Service Frequency | Limited Capacity,134,Tier 4: Marginal Sites
339,"Location (35.0328, -85.3132)",109.0,17365.84540223165,10.79,Far - Acceptable,Extended (1000m),68.0,3708.0,Excellent - High Frequency,High Reliability,55.03,15.4,76.34,3.42,50.0,43.97,Poor - Not Recommended,,Low Service Frequency | Far from VW,135,Tier 4: Marginal Sites
420,"Location (35.0127, -85.2288)",65.0,11448.484702196187,7.11,Optimal Distance,Extended (1000m),25.0,2069.0,Excellent - High Frequency,High Reliability,41.36,8.59,100.0,2.04,100.0,43.9,Poor - Not Recommended,Optimal Distance from VW,Limited Transit Access | Low Service Frequency | Limited Capacity,136,Tier 4: Marginal Sites
261,"Location (35.0224, -85.2433)",176.0,11928.26811832894,7.41,Optimal Distance,Conservative (500m),13.0,1818.0,Excellent - High Frequency,High Reliability,41.16,7.55,100.0,5.52,100.0,43.9,Poor - Not Recommended,Optimal Distance from VW,Limited Transit Access | Low Service Frequency,137,Tier 4: Marginal Sites
443,"Location (35.0103, -85.2126)",53.0,10524.649308311857,6.54,Optimal Distance,Extended (1000m),26.0,2205.0,Excellent - High Frequency,High Reliability,40.95,9.16,100.0,1.66,100.0,43.84,Poor - Not Recommended,Optimal Distance from VW,Limited Transit Access | Low Service Frequency | Limited Capacity,138,Tier 4: Marginal Sites
309,"Location (35.0601, -85.3027)",131.0,15807.737886805033,9.82,Far - Acceptable,Extended (1000m),47.0,1792.0,Excellent - High Frequency,High Reliability,51.62,7.44,91.92,4.11,50.0,43.81,Poor - Not Recommended,Optimal Distance from VW,Low Service Frequency | Far from VW,139,Tier 4: Marginal Sites
315,"Location (35.0109, -85.2239)",125.0,11238.202245081304,6.98,Optimal Distance,Extended (1000m),25.0,2069.0,Excellent - High Frequency,High Reliability,40.67,8.59,100.0,3.92,100.0,43.81,Poor - Not Recommended,Optimal Distance from VW,Limited Transit Access | Low Service Frequency,140,Tier 4: Marginal Sites
236,"Location (35.0401, -85.2587)",191.0,12383.511625571266,7.69,Optimal Distance,Extended (1000m),45.0,893.0,Excellent - High Frequency,High Reliability,43.16,3.71,100.0,5.99,100.0,43.79,Poor - Not Recommended,Optimal Distance from VW,Limited Transit Access | Low Service Frequency,141,Tier 4: Marginal Sites
176,"Location (35.0433, -85.2582)",235.0,12231.87967147341,7.6,Optimal Distance,Extended (1000m),49.0,894.0,Excellent - High Frequency,High Reliability,42.71,3.71,100.0,7.37,100.0,43.75,Poor - Not Recommended,Optimal Distance from VW,Limited Transit Access | Low Service Frequency,142,Tier 4: Marginal Sites
277,"Location (35.0149, -85.2092)",167.0,9943.447636659916,6.18,Optimal Distance,Extended (1000m),24.0,1584.0,Excellent - High Frequency,High Reliability,41.24,6.58,100.0,5.24,100.0,43.67,Poor - Not Recommended,Optimal Distance from VW,Limited Transit Access | Low Service Frequency,143,Tier 4: Marginal Sites
169,"Location (35.0316, -85.3046)",244.0,16657.427646026077,10.35,Far - Acceptable,Extended (1000m),75.0,3525.0,Excellent - High Frequency,High Reliability,50.11,14.64,83.43,7.65,50.0,43.65,Poor - Not Recommended,Optimal Distance from VW,Low Service Frequency | Far from VW,144,Tier 4: Marginal Sites
378,"Location (35.0167, -85.2357)",88.0,11693.642737458833,7.27,Optimal Distance,Extended (1000m),23.0,2070.0,Excellent - High Frequency,High Reliability,40.53,8.6,100.0,2.76,100.0,43.64,Poor - Not Recommended,Optimal Distance from VW,Limited Transit Access | Low Service Frequency | Limited Capacity,145,Tier 4: Marginal Sites
20,Hixson Plaza,855.0,12692.86383898339,7.89,Optimal Distance,Extended (1000m),18.0,780.0,Excellent - High Frequency,High Reliability,37.87,3.24,100.0,26.8,100.0,43.64,Poor - Not Recommended,Optimal Distance from VW,Limited Transit Access | Low Service Frequency,146,Tier 4: Marginal Sites
77,"Location (35.0373, -85.3177)",414.0,17625.92462199118,10.95,Far - Acceptable,Extended (1000m),79.0,2077.0,Excellent - High Frequency,High Reliability,57.33,8.63,73.74,12.98,50.0,43.64,Poor - Not Recommended,,Low Service Frequency | Far from VW,147,Tier 4: Marginal Sites
128,"Location (35.0543, -85.2811)",290.0,13962.038792774112,8.68,Optimal Distance,Extended (1000m),17.0,337.0,Excellent - High Frequency,High Reliability,43.43,1.4,100.0,9.09,100.0,43.63,Poor - Not Recommended,Optimal Distance from VW,Limited Transit Access | Low Service Frequency,148,Tier 4: Marginal Sites
416,"Location (35.0116, -85.2134)",66.0,10477.343419158178,6.51,Optimal Distance,Extended (1000m),27.0,2205.0,Excellent - High Frequency,High Reliability,40.3,9.16,100.0,2.07,100.0,43.62,Poor - Not Recommended,Optimal Distance from VW,Limited Transit Access | Low Service Frequency | Limited Capacity,149,Tier 4: Marginal Sites
127,"Location (35.0068, -85.2108)",291.0,10687.297546426966,6.64,Optimal Distance,Extended (1000m),20.0,1449.0,Excellent - High Frequency,High Reliability,40.14,6.02,100.0,9.12,100.0,43.47,Poor - Not Recommended,Optimal Distance from VW,Limited Transit Access | Low Service Frequency,150,Tier 4: Marginal Sites
408,"Location (35.0106, -85.2120)",71.0,10459.300858903674,6.5,Optimal Distance,Extended (1000m),27.0,1998.0,Excellent - High Frequency,High Reliability,40.16,8.3,100.0,2.23,100.0,43.36,Poor - Not Recommended,Optimal Distance from VW,Limited Transit Access | Low Service Frequency | Limited Capacity,151,Tier 4: Marginal Sites
85,"Location (35.1065, -85.2718)",388.0,13287.58221223627,8.26,Optimal Distance,Extended (1000m),23.0,1140.0,Excellent - High Frequency,High Reliability,39.87,4.73,100.0,12.16,100.0,43.35,Poor - Not Recommended,Optimal Distance from VW,Limited Transit Access | Low Service Frequency,152,Tier 4: Marginal Sites
133,"Location (35.0580, -85.2772)",285.0,13536.43498529075,8.41,Optimal Distance,Extended (1000m),22.0,381.0,Excellent - High Frequency,High Reliability,42.4,1.58,100.0,8.93,100.0,43.25,Poor - Not Recommended,Optimal Distance from VW,Limited Transit Access | Low Service Frequency,153,Tier 4: Marginal Sites
110,"Location (35.0308, -85.3055)",317.0,16760.93912439189,10.41,Far - Acceptable,Extended (1000m),70.0,3275.0,Excellent - High Frequency,High Reliability,49.61,13.6,82.39,9.94,50.0,43.22,Poor - Not Recommended,Optimal Distance from VW,Limited Transit Access | Low Service Frequency | Far from VW,154,Tier 4: Marginal Sites
96,"Location (35.0152, -85.2073)",349.0,9794.010470838497,6.09,Optimal Distance,Extended (1000m),19.0,1274.0,Excellent - High Frequency,High Reliability,38.77,5.29,100.0,10.94,100.0,42.93,Poor - Not Recommended,Optimal Distance from VW,Limited Transit Access | Low Service Frequency,155,Tier 4: Marginal Sites
297,"Location (35.0565, -85.2797)",147.0,13787.75021527356,8.57,Optimal Distance,Extended (1000m),19.0,173.0,Excellent - High Frequency,High Reliability,43.16,0.72,100.0,4.61,100.0,42.9,Poor - Not Recommended,Optimal Distance from VW,Limited Transit Access | Low Service Frequency,156,Tier 4: Marginal Sites
21,"Location (35.0295, -85.3069)",853.0,16926.71662297923,10.52,Far - Acceptable,Extended (1000m),65.0,2263.0,Excellent - High Frequency,High Reliability,48.03,9.4,80.73,26.74,50.0,42.88,Poor - Not Recommended,Optimal Distance from VW,Limited Transit Access | Low Service Frequency | Far from VW,157,Tier 4: Marginal Sites
198,"Location (35.0546, -85.2827)",218.0,14097.194634948855,8.76,Optimal Distance,Extended (1000m),19.0,238.0,Excellent - High Frequency,High Reliability,42.19,0.99,100.0,6.83,100.0,42.81,Poor - Not Recommended,Optimal Distance from VW,Limited Transit Access | Low Service Frequency,158,Tier 4: Marginal Sites
48,"Location (35.0574, -85.2803)",531.0,13832.775324212795,8.6,Optimal Distance,Extended (1000m),13.0,141.0,Excellent - High Frequency,High Reliability,39.99,0.59,100.0,16.65,100.0,42.81,Poor - Not Recommended,Optimal Distance from VW,Limited Transit Access | Low Service Frequency,159,Tier 4: Marginal Sites
214,"Location (35.0229, -85.2482)",206.0,12298.450923569515,7.64,Optimal Distance,Extended (1000m),22.0,1818.0,Excellent - High Frequency,High Reliability,38.03,7.55,100.0,6.46,100.0,42.75,Poor - Not Recommended,Optimal Distance from VW,Limited Transit Access | Low Service Frequency,160,Tier 4: Marginal Sites
226,"Location (35.0600, -85.3011)",198.0,15670.64515219331,9.74,Far - Acceptable,Extended (1000m),44.0,1536.0,Excellent - High Frequency,High Reliability,48.43,6.38,93.29,6.21,50.0,42.74,Poor - Not Recommended,Optimal Distance from VW,Limited Transit Access | Low Service Frequency | Far from VW,161,Tier 4: Marginal Sites
349,"Location (35.1020, -85.2747)",106.0,13433.810699797194,8.35,Optimal Distance,Conservative (500m),13.0,1020.0,Excellent - High Frequency,High Reliability,40.84,4.24,100.0,3.32,100.0,42.73,Poor - Not Recommended,Optimal Distance from VW,Limited Transit Access | Low Service Frequency,162,Tier 4: Marginal Sites
171,"Location (35.0612, -85.3059)",242.0,16091.381425005473,10.0,Far - Acceptable,Extended (1000m),47.0,1809.0,Excellent - High Frequency,High Reliability,48.69,7.51,89.09,7.59,50.0,42.43,Poor - Not Recommended,Optimal Distance from VW,Limited Transit Access | Low Service Frequency | Far from VW,163,Tier 4: Marginal Sites
13,"Location (35.1397, -85.2457)",1164.0,12593.87923343029,7.83,Optimal Distance,Extended (1000m),3.0,120.0,Excellent - High Frequency,Moderate Reliability,34.07,0.5,100.0,36.49,100.0,42.4,Poor - Not Recommended,Optimal Distance from VW,Limited Transit Access | Low Service Frequency,164,Tier 4: Marginal Sites
231,"Location (35.0061, -85.2141)",193.0,10950.245230460316,6.8,Optimal Distance,Extended (1000m),22.0,1760.0,Excellent - High Frequency,High Reliability,37.38,7.31,100.0,6.05,100.0,42.38,Poor - Not Recommended,Optimal Distance from VW,Limited Transit Access | Low Service Frequency,165,Tier 4: Marginal Sites
439,"Location (35.0686, -85.2890)",56.0,14477.474986544785,9.0,Optimal Distance,Conservative (500m),12.0,1080.0,Excellent - High Frequency,High Reliability,39.95,4.49,100.0,1.76,100.0,42.28,Poor - Not Recommended,Optimal Distance from VW,Limited Transit Access | Low Service Frequency | Limited Capacity,166,Tier 4: Marginal Sites
412,"Location (35.0613, -85.3093)",69.0,16391.227491708563,10.19,Far - Acceptable,Extended (1000m),54.0,2087.0,Excellent - High Frequency,High Reliability,50.4,8.67,86.09,2.16,50.0,42.26,Poor - Not Recommended,Optimal Distance from VW,Low Service Frequency | Far from VW | Limited Capacity,167,Tier 4: Marginal Sites
399,"Location (35.0690, -85.2886)",73.0,14443.415070734227,8.97,Optimal Distance,Extended (1000m),23.0,1080.0,Excellent - High Frequency,High Reliability,39.53,4.49,100.0,2.29,100.0,42.16,Poor - Not Recommended,Optimal Distance from VW,Limited Transit Access | Low Service Frequency | Limited Capacity,168,Tier 4: Marginal Sites
253,"Location (35.0448, -85.3203)",180.0,17673.001017576327,10.98,Far - Acceptable,Extended (1000m),44.0,2452.0,Excellent - High Frequency,High Reliability,54.41,10.18,73.27,5.64,50.0,42.03,Poor - Not Recommended,,Low Service Frequency | Far from VW,169,Tier 4: Marginal Sites
421,"Location (35.0266, -85.2538)",64.0,12555.274696726949,7.8,Optimal Distance,Extended (1000m),16.0,1196.0,Excellent - High Frequency,High Reliability,38.9,4.97,100.0,2.01,100.0,42.0,Poor - Not Recommended,Optimal Distance from VW,Limited Transit Access | Low Service Frequency | Limited Capacity,170,Tier 4: Marginal Sites
380,"Location (35.0619, -85.3081)",88.0,16276.017601337511,10.11,Far - Acceptable,Extended (1000m),51.0,1695.0,Excellent - High Frequency,High Reliability,49.97,7.04,87.24,2.76,50.0,41.97,Poor - Not Recommended,Optimal Distance from VW,Limited Transit Access | Low Service Frequency | Far from VW | Limited Capacity,171,Tier 4: Marginal Sites
34,"Location (35.1296, -85.2415)",605.0,11679.814236324572,7.26,Optimal Distance,Extended (1000m),10.0,434.0,Excellent - High Frequency,High Reliability,36.41,1.8,100.0,18.97,100.0,41.91,Poor - Not Recommended,Optimal Distance from VW,Limited Transit Access | Low Service Frequency,172,Tier 4: Marginal Sites
374,"Location (35.1132, -85.2641)",88.0,12820.293326134364,7.97,Optimal Distance,Extended (1000m),19.0,960.0,Excellent - High Frequency,High Reliability,38.91,3.99,100.0,2.76,100.0,41.84,Poor - Not Recommended,Optimal Distance from VW,Limited Transit Access | Low Service Frequency | Limited Capacity,173,Tier 4: Marginal Sites
118,"Location (35.0641, -85.2729)",299.0,13064.058987025759,8.12,Optimal Distance,Extended (1000m),17.0,92.0,Good - Moderate Frequency,High Reliability,39.45,0.38,100.0,9.37,100.0,41.81,Poor - Not Recommended,Optimal Distance from VW,Limited Transit Access | Low Service Frequency,174,Tier 4: Marginal Sites
302,"Location (35.0072, -85.2079)",138.0,10470.405637369466,6.51,Optimal Distance,Extended (1000m),18.0,1138.0,Excellent - High Frequency,High Reliability,37.95,4.73,100.0,4.33,100.0,41.8,Poor - Not Recommended,Optimal Distance from VW,Limited Transit Access | Low Service Frequency,175,Tier 4: Marginal Sites
244,"Location (35.1181, -85.2505)",185.0,11852.18220719251,7.36,Optimal Distance,Extended (1000m),17.0,900.0,Excellent - High Frequency,High Reliability,38.05,3.74,100.0,5.8,100.0,41.74,Poor - Not Recommended,Optimal Distance from VW,Limited Transit Access | Low Service Frequency,176,Tier 4: Marginal Sites
401,"Location (35.1014, -85.2741)",72.0,13369.787039538222,8.31,Optimal Distance,Extended (1000m),21.0,960.0,Excellent - High Frequency,High Reliability,38.59,3.99,100.0,2.26,100.0,41.66,Poor - Not Recommended,Optimal Distance from VW,Limited Transit Access | Low Service Frequency | Limited Capacity,177,Tier 4: Marginal Sites
16,"Location (35.1371, -85.2424)",985.0,12191.700807045909,7.58,Optimal Distance,Extended (1000m),4.0,180.0,Excellent - High Frequency,High Reliability,33.4,0.75,100.0,30.88,100.0,41.64,Poor - Not Recommended,Optimal Distance from VW,Limited Transit Access | Low Service Frequency,178,Tier 4: Marginal Sites
256,"Location (35.0625, -85.2756)",179.0,13327.394721544599,8.28,Optimal Distance,Extended (1000m),18.0,56.0,Good - Moderate Frequency,High Reliability,39.8,0.23,100.0,5.61,100.0,41.54,Poor - Not Recommended,Optimal Distance from VW,Limited Transit Access | Low Service Frequency,179,Tier 4: Marginal Sites
116,"Location (35.0350, -85.3162)",302.0,17564.596045063816,10.91,Far - Acceptable,Extended (1000m),68.0,2395.0,Excellent - High Frequency,High Reliability,51.66,9.95,74.35,9.47,50.0,41.47,Poor - Not Recommended,,Low Service Frequency | Far from VW,180,Tier 4: Marginal Sites
15,"Location (35.1343, -85.2443)",999.0,12168.104799504843,7.56,Optimal Distance,Extended (1000m),7.0,420.0,Excellent - High Frequency,High Reliability,32.19,1.74,100.0,31.32,100.0,41.45,Poor - Not Recommended,Optimal Distance from VW,Limited Transit Access | Low Service Frequency,181,Tier 4: Marginal Sites
35,"Location (35.1314, -85.2414)",602.0,11770.766305639338,7.31,Optimal Distance,Extended (1000m),9.0,314.0,Excellent - High Frequency,High Reliability,35.48,1.3,100.0,18.87,100.0,41.41,Poor - Not Recommended,Optimal Distance from VW,Limited Transit Access | Low Service Frequency,182,Tier 4: Marginal Sites
151,"Location (35.1293, -85.2475)",258.0,12135.321891554366,7.54,Optimal Distance,Extended (1000m),13.0,674.0,Excellent - High Frequency,High Reliability,37.15,2.8,100.0,8.09,100.0,41.37,Poor - Not Recommended,Optimal Distance from VW,Limited Transit Access | Low Service Frequency,183,Tier 4: Marginal Sites
162,"Location (35.0554, -85.2832)",251.0,14122.512198025344,8.78,Optimal Distance,Extended (1000m),12.0,80.0,Good - Moderate Frequency,High Reliability,38.29,0.33,100.0,7.87,100.0,41.18,Poor - Not Recommended,Optimal Distance from VW,Limited Transit Access | Low Service Frequency,184,Tier 4: Marginal Sites
217,"Location (35.0152, -85.2208)",204.0,10713.627930885033,6.66,Optimal Distance,Conservative (500m),,1758.0,Excellent - High Frequency,High Reliability,34.09,7.3,100.0,6.39,100.0,41.1,Poor - Not Recommended,Optimal Distance from VW,Limited Transit Access | Low Service Frequency,185,Tier 4: Marginal Sites
206,"Location (35.0782, -85.2666)",210.0,12411.93984164174,7.71,Optimal Distance,Extended (1000m),13.0,194.0,Excellent - High Frequency,High Reliability,37.72,0.81,100.0,6.58,100.0,40.95,Poor - Not Recommended,Optimal Distance from VW,Limited Transit Access | Low Service Frequency,186,Tier 4: Marginal Sites
266,"Location (35.0807, -85.2638)",174.0,12161.83906663383,7.56,Optimal Distance,Extended (1000m),9.0,212.0,Excellent - High Frequency,High Reliability,37.56,0.88,100.0,5.45,100.0,40.79,Poor - Not Recommended,Optimal Distance from VW,Limited Transit Access | Low Service Frequency,187,Tier 4: Marginal Sites
243,"Location (35.1330, -85.2406)",188.0,11803.274990713064,7.33,Optimal Distance,Extended (1000m),7.0,360.0,Excellent - High Frequency,High Reliability,36.81,1.5,100.0,5.89,100.0,40.69,Poor - Not Recommended,Optimal Distance from VW,Limited Transit Access | Low Service Frequency,188,Tier 4: Marginal Sites
213,"Location (35.0624, -85.2982)",207.0,15370.97670617565,9.55,Far - Acceptable,Extended (1000m),26.0,1350.0,Excellent - High Frequency,High Reliability,41.86,5.61,96.29,6.49,50.0,40.55,Poor - Not Recommended,Optimal Distance from VW,Limited Transit Access | Low Service Frequency | Far from VW,189,Tier 4: Marginal Sites
392,"Location (35.0484, -85.3204)",77.0,17604.464856874467,10.94,Far - Acceptable,Extended (1000m),51.0,839.0,Excellent - High Frequency,High Reliability,55.13,3.48,73.96,2.41,50.0,40.45,Poor - Not Recommended,,Low Service Frequency | Far from VW | Limited Capacity,190,Tier 4: Marginal Sites
238,"Location (35.1338, -85.2408)",190.0,11859.667775190463,7.37,Optimal Distance,Extended (1000m),7.0,420.0,Excellent - High Frequency,High Reliability,35.84,1.74,100.0,5.96,100.0,40.37,Poor - Not Recommended,Optimal Distance from VW,Limited Transit Access | Low Service Frequency,191,Tier 4: Marginal Sites
447,"Location (35.0628, -85.3062)",52.0,16096.551647026326,10.0,Far - Acceptable,Extended (1000m),41.0,1815.0,Excellent - High Frequency,High Reliability,45.02,7.54,89.03,1.63,50.0,40.36,Poor - Not Recommended,Optimal Distance from VW,Limited Transit Access | Low Service Frequency | Far from VW | Limited Capacity,192,Tier 4: Marginal Sites
326,"Location (35.0632, -85.3081)",116.0,16268.503177792434,10.11,Far - Acceptable,Extended (1000m),42.0,1847.0,Excellent - High Frequency,High Reliability,45.11,7.67,87.31,3.64,50.0,40.29,Poor - Not Recommended,Optimal Distance from VW,Limited Transit Access | Low Service Frequency | Far from VW,193,Tier 4: Marginal Sites
202,"Location (35.0730, -85.2366)",214.0,9682.087855690073,6.02,Optimal Distance,Extended (1000m),13.0,75.0,Good - Moderate Frequency,High Reliability,36.16,0.31,100.0,6.71,100.0,40.21,Poor - Not Recommended,Optimal Distance from VW,Limited Transit Access | Low Service Frequency,194,Tier 4: Marginal Sites
362,"Location (35.0056, -85.2211)",99.0,11438.427933220059,7.11,Optimal Distance,Conservative (500m),,1242.0,Excellent - High Frequency,High Reliability,33.92,5.16,100.0,3.1,100.0,40.17,Poor - Not Recommended,Optimal Distance from VW,Limited Transit Access | Low Service Frequency | Limited Capacity,195,Tier 4: Marginal Sites
230,"Location (35.1320, -85.2399)",197.0,11693.430679578463,7.27,Optimal Distance,Extended (1000m),7.0,300.0,Excellent - High Frequency,High Reliability,35.54,1.25,100.0,6.18,100.0,40.15,Poor - Not Recommended,Optimal Distance from VW,Limited Transit Access | Low Service Frequency,196,Tier 4: Marginal Sites
82,"Location (35.0981, -85.2447)",390.0,10668.924524613412,6.63,Optimal Distance,Extended (1000m),5.0,96.0,Good - Moderate Frequency,High Reliability,34.49,0.4,100.0,12.23,100.0,40.12,Poor - Not Recommended,Optimal Distance from VW,Limited Transit Access | Low Service Frequency,197,Tier 4: Marginal Sites
70,"Location (35.1287, -85.2380)",421.0,11352.004533771475,7.05,Optimal Distance,Extended (1000m),7.0,300.0,Excellent - High Frequency,High Reliability,33.71,1.25,100.0,13.2,100.0,40.11,Poor - Not Recommended,Optimal Distance from VW,Limited Transit Access | Low Service Frequency,198,Tier 4: Marginal Sites
49,"Location (35.1323, -85.2382)",516.0,11577.988512018781,7.19,Optimal Distance,Extended (1000m),5.0,180.0,Excellent - High Frequency,Moderate Reliability,33.21,0.75,100.0,16.18,100.0,40.09,Poor - Not Recommended,Optimal Distance from VW,Limited Transit Access | Low Service Frequency,199,Tier 4: Marginal Sites
365,"Location (35.0652, -85.2739)",95.0,13135.479297649694,8.16,Optimal Distance,Extended (1000m),10.0,169.0,Excellent - High Frequency,High Reliability,36.41,0.7,100.0,2.98,100.0,40.04,Poor - Not Recommended,Optimal Distance from VW,Limited Transit Access | Low Service Frequency | Limited Capacity,200,Tier 4: Marginal Sites
196,"Location (35.1336, -85.2397)",218.0,11768.734524876905,7.31,Optimal Distance,Extended (1000m),6.0,240.0,Excellent - High Frequency,High Reliability,35.14,1.0,100.0,6.83,100.0,39.99,Poor - Not Recommended,Optimal Distance from VW,Limited Transit Access | Low Service Frequency,201,Tier 4: Marginal Sites
426,"Location (35.0651, -85.3101)",59.0,16430.44332678596,10.21,Far - Acceptable,Conservative (500m),25.0,1961.0,Excellent - High Frequency,High Reliability,45.31,8.14,85.7,1.85,50.0,39.98,Poor - Not Recommended,Optimal Distance from VW,Limited Transit Access | Low Service Frequency | Far from VW | Limited Capacity,202,Tier 4: Marginal Sites
90,Highland Plaza,364.0,12767.793759533346,7.93,Optimal Distance,Extended (1000m),3.0,120.0,Excellent - High Frequency,Moderate Reliability,34.13,0.5,100.0,11.41,100.0,39.92,Poor - Not Recommended,Optimal Distance from VW,Limited Transit Access | Low Service Frequency,203,Tier 4: Marginal Sites
86,"Location (35.1268, -85.2384)",379.0,11284.862676867533,7.01,Optimal Distance,Extended (1000m),10.0,314.0,Excellent - High Frequency,High Reliability,33.41,1.3,100.0,11.88,100.0,39.88,Poor - Not Recommended,Optimal Distance from VW,Limited Transit Access | Low Service Frequency,204,Tier 4: Marginal Sites
250,"Location (35.0055, -85.2228)",180.0,11565.609490025465,7.19,Optimal Distance,Conservative (500m),,1345.0,Excellent - High Frequency,High Reliability,32.15,5.59,100.0,5.64,100.0,39.82,Poor - Not Recommended,Optimal Distance from VW,Limited Transit Access | Low Service Frequency,205,Tier 4: Marginal Sites
47,"Location (35.1304, -85.2379)",534.0,11438.144834532799,7.11,Optimal Distance,Extended (1000m),5.0,180.0,Excellent - High Frequency,Moderate Reliability,32.37,0.75,100.0,16.74,100.0,39.81,Poor - Not Recommended,Optimal Distance from VW,Limited Transit Access | Low Service Frequency,206,Tier 4: Marginal Sites
232,"Location (35.0205, -85.2881)",193.0,15675.53960456273,9.74,Far - Acceptable,Extended (1000m),46.0,360.0,Excellent - High Frequency,High Reliability,44.03,1.5,93.24,6.05,50.0,39.74,Poor - Not Recommended,Optimal Distance from VW,Limited Transit Access | Low Service Frequency | Far from VW,207,Tier 4: Marginal Sites
57,"Location (35.1355, -85.2454)",487.0,12323.355336348768,7.66,Optimal Distance,Extended (1000m),7.0,300.0,Excellent - High Frequency,High Reliability,32.22,1.25,100.0,15.27,100.0,39.73,Poor - Not Recommended,Optimal Distance from VW,Limited Transit Access | Low Service Frequency,208,Tier 4: Marginal Sites
91,"Location (35.0241, -85.2913)",356.0,15788.482377443996,9.81,Far - Acceptable,Extended (1000m),50.0,1134.0,Excellent - High Frequency,High Reliability,41.27,4.71,92.12,11.16,50.0,39.73,Poor - Not Recommended,Optimal Distance from VW,Limited Transit Access | Low Service Frequency | Far from VW,209,Tier 4: Marginal Sites
357,"Location (35.0628, -85.3110)",100.0,16536.63823343563,10.28,Far - Acceptable,Extended (1000m),38.0,1885.0,Excellent - High Frequency,High Reliability,44.81,7.83,84.63,3.13,50.0,39.62,Poor - Not Recommended,Optimal Distance from VW,Limited Transit Access | Low Service Frequency | Far from VW,210,Tier 4: Marginal Sites
455,"Location (35.0630, -85.3031)",50.0,15816.53309337607,9.83,Far - Acceptable,Extended (1000m),35.0,1805.0,Excellent - High Frequency,High Reliability,41.75,7.5,91.83,1.57,50.0,39.6,Poor - Not Recommended,Optimal Distance from VW,Limited Transit Access | Low Service Frequency | Far from VW | Limited Capacity,211,Tier 4: Marginal Sites
219,"Location (35.0754, -85.2644)",202.0,12207.120358534537,7.59,Optimal Distance,Extended (1000m),11.0,226.0,Excellent - High Frequency,High Reliability,34.29,0.94,100.0,6.33,100.0,39.58,Poor - Not Recommended,Optimal Distance from VW,Limited Transit Access | Low Service Frequency,212,Tier 4: Marginal Sites
187,"Location (35.1345, -85.2393)",225.0,11793.705698179541,7.33,Optimal Distance,Extended (1000m),6.0,240.0,Excellent - High Frequency,High Reliability,33.64,1.0,100.0,7.05,100.0,39.41,Poor - Not Recommended,Optimal Distance from VW,Limited Transit Access | Low Service Frequency,213,Tier 4: Marginal Sites
436,"Location (35.0614, -85.2981)",57.0,15378.775576446165,9.56,Far - Acceptable,Extended (1000m),26.0,1290.0,Excellent - High Frequency,High Reliability,40.33,5.36,96.21,1.79,50.0,39.39,Poor - Not Recommended,Optimal Distance from VW,Limited Transit Access | Low Service Frequency | Far from VW | Limited Capacity,214,Tier 4: Marginal Sites
195,"Location (35.1310, -85.2387)",218.0,11537.731296544687,7.17,Optimal Distance,Extended (1000m),6.0,300.0,Excellent - High Frequency,High Reliability,32.89,1.25,100.0,6.83,100.0,39.15,Poor - Not Recommended,Optimal Distance from VW,Limited Transit Access | Low Service Frequency,215,Tier 4: Marginal Sites
355,"Location (35.0655, -85.3108)",102.0,16488.751324438508,10.25,Far - Acceptable,Conservative (500m),25.0,1901.0,Excellent - High Frequency,High Reliability,43.15,7.9,85.11,3.2,50.0,39.08,Poor - Not Recommended,Optimal Distance from VW,Limited Transit Access | Low Service Frequency | Far from VW,216,Tier 4: Marginal Sites
46,"Location (35.1015, -85.2385)",534.0,10209.529541382672,6.34,Optimal Distance,Extended (1000m),4.0,64.0,Good - Moderate Frequency,High Reliability,30.53,0.27,100.0,16.74,100.0,38.95,Poor - Not Recommended,Optimal Distance from VW,Limited Transit Access | Low Service Frequency,217,Tier 4: Marginal Sites
53,"Location (35.0985, -85.2375)",497.0,10038.740364563904,6.24,Optimal Distance,Extended (1000m),4.0,96.0,Good - Moderate Frequency,High Reliability,30.59,0.4,100.0,15.58,100.0,38.89,Poor - Not Recommended,Optimal Distance from VW,Limited Transit Access | Low Service Frequency,218,Tier 4: Marginal Sites
98,"Location (35.1246, -85.2392)",342.0,11229.39560924146,6.98,Optimal Distance,Extended (1000m),13.0,314.0,Excellent - High Frequency,High Reliability,31.2,1.3,100.0,10.72,100.0,38.88,Poor - Not Recommended,Optimal Distance from VW,Limited Transit Access | Low Service Frequency,219,Tier 4: Marginal Sites
303,"Location (35.0959, -85.2549)",138.0,11535.472456274978,7.17,Optimal Distance,Extended (1000m),5.0,81.0,Good - Moderate Frequency,High Reliability,33.33,0.34,100.0,4.33,100.0,38.85,Poor - Not Recommended,Optimal Distance from VW,Limited Transit Access | Low Service Frequency,220,Tier 4: Marginal Sites
258,"Location (35.0114, -85.2393)",178.0,12299.5652353923,7.64,Optimal Distance,Conservative (500m),,932.0,Excellent - High Frequency,High Reliability,30.72,3.87,100.0,5.58,100.0,38.81,Poor - Not Recommended,Optimal Distance from VW,Limited Transit Access | Low Service Frequency,221,Tier 4: Marginal Sites
376,"Location (35.0964, -85.2532)",88.0,11394.525841731122,7.08,Optimal Distance,Extended (1000m),5.0,96.0,Good - Moderate Frequency,High Reliability,33.33,0.4,100.0,2.76,100.0,38.71,Poor - Not Recommended,Optimal Distance from VW,Limited Transit Access | Low Service Frequency | Limited Capacity,222,Tier 4: Marginal Sites
65,"Location (35.0632, -85.3147)",453.0,16865.957170690413,10.48,Far - Acceptable,Moderate (800m),28.0,1499.0,Excellent - High Frequency,High Reliability,42.37,6.23,81.34,14.2,50.0,38.69,Poor - Not Recommended,Optimal Distance from VW,Limited Transit Access | Low Service Frequency | Far from VW,223,Tier 4: Marginal Sites
427,"Location (35.0628, -85.3131)",59.0,16725.711027559777,10.39,Far - Acceptable,Extended (1000m),38.0,1765.0,Excellent - High Frequency,High Reliability,43.93,7.33,82.74,1.85,50.0,38.64,Poor - Not Recommended,Optimal Distance from VW,Limited Transit Access | Low Service Frequency | Far from VW | Limited Capacity,224,Tier 4: Marginal Sites
218,"Location (35.1003, -85.2398)",203.0,10292.807598783485,6.4,Optimal Distance,Extended (1000m),4.0,96.0,Good - Moderate Frequency,High Reliability,32.13,0.4,100.0,6.36,100.0,38.59,Poor - Not Recommended,Optimal Distance from VW,Limited Transit Access | Low Service Frequency,225,Tier 4: Marginal Sites
97,"Location (35.0210, -85.2908)",346.0,15882.663851895335,9.87,Far - Acceptable,Extended (1000m),37.0,378.0,Excellent - High Frequency,High Reliability,40.69,1.57,91.17,10.85,50.0,38.49,Poor - Not Recommended,Optimal Distance from VW,Limited Transit Access | Low Service Frequency | Far from VW,226,Tier 4: Marginal Sites
72,"Location (35.0985, -85.2411)",420.0,10359.342609290978,6.44,Optimal Distance,Extended (1000m),4.0,96.0,Good - Moderate Frequency,High Reliability,30.07,0.4,100.0,13.17,100.0,38.45,Poor - Not Recommended,Optimal Distance from VW,Limited Transit Access | Low Service Frequency,227,Tier 4: Marginal Sites
289,"Location (35.0289, -85.2417)",156.0,11455.444428735049,7.12,Optimal Distance,Conservative (500m),,990.0,Excellent - High Frequency,High Reliability,29.79,4.11,100.0,4.89,100.0,38.43,Poor - Not Recommended,Optimal Distance from VW,Limited Transit Access | Low Service Frequency,228,Tier 4: Marginal Sites
301,"Location (35.0632, -85.3124)",138.0,16654.233453869983,10.35,Far - Acceptable,Extended (1000m),37.0,1765.0,Excellent - High Frequency,High Reliability,42.42,7.33,83.46,4.33,50.0,38.43,Poor - Not Recommended,Optimal Distance from VW,Limited Transit Access | Low Service Frequency | Far from VW,229,Tier 4: Marginal Sites
166,"Location (35.1325, -85.2367)",248.0,11471.784594175695,7.13,Optimal Distance,Extended (1000m),5.0,180.0,Excellent - High Frequency,Moderate Reliability,31.13,0.75,100.0,7.77,100.0,38.42,Poor - Not Recommended,Optimal Distance from VW,Limited Transit Access | Low Service Frequency,230,Tier 4: Marginal Sites
32,"Location (35.1319, -85.2351)",617.0,11312.886276345926,7.03,Optimal Distance,Conservative (500m),,180.0,Excellent - High Frequency,Moderate Reliability,28.23,0.75,100.0,19.34,100.0,38.41,Poor - Not Recommended,Optimal Distance from VW,Limited Transit Access | Low Service Frequency,231,Tier 4: Marginal Sites
293,"Location (35.1237, -85.2408)",152.0,11308.579966236304,7.03,Optimal Distance,Conservative (500m),,734.0,Excellent - High Frequency,High Reliability,30.09,3.05,100.0,4.76,100.0,38.28,Poor - Not Recommended,Optimal Distance from VW,Limited Transit Access | Low Service Frequency,232,Tier 4: Marginal Sites
5,"Location (34.9952, -85.3113)",2097.0,18821.777424536063,11.7,Far - Acceptable,Extended (1000m),27.0,1650.0,Excellent - High Frequency,High Reliability,37.04,6.85,61.78,65.74,50.0,37.96,Poor - Not Recommended,,Limited Transit Access | Low Service Frequency | Far from VW,233,Tier 4: Marginal Sites
145,"Location (35.0679, -85.3144)",266.0,16800.660302076376,10.44,Far - Acceptable,Extended (1000m),31.0,1027.0,Excellent - High Frequency,High Reliability,42.33,4.27,81.99,8.34,50.0,37.73,Poor - Not Recommended,Optimal Distance from VW,Limited Transit Access | Low Service Frequency | Far from VW,234,Tier 4: Marginal Sites
294,"Location (35.0499, -85.3206)",149.0,17589.265226945787,10.93,Far - Acceptable,Extended (1000m),40.0,650.0,Excellent - High Frequency,High Reliability,48.08,2.7,74.11,4.67,50.0,37.7,Poor - Not Recommended,,Limited Transit Access | Low Service Frequency | Far from VW,235,Tier 4: Marginal Sites
28,"Location (35.0404, -85.3213)",752.0,17860.43358914865,11.1,Far - Acceptable,Extended (1000m),34.0,1270.0,Excellent - High Frequency,High Reliability,42.5,5.27,71.4,23.57,50.0,37.46,Poor - Not Recommended,,Limited Transit Access | Low Service Frequency | Far from VW,236,Tier 4: Marginal Sites
148,"Location (35.1304, -85.2352)",262.0,11235.591515982102,6.98,Optimal Distance,Conservative (500m),,180.0,Excellent - High Frequency,Moderate Reliability,28.54,0.75,100.0,8.21,100.0,37.42,Poor - Not Recommended,Optimal Distance from VW,Limited Transit Access | Low Service Frequency,237,Tier 4: Marginal Sites
123,"Location (35.0117, -85.2427)",294.0,12527.047720566086,7.78,Optimal Distance,Conservative (500m),,414.0,Excellent - High Frequency,High Reliability,27.42,1.72,100.0,9.22,100.0,37.32,Poor - Not Recommended,Optimal Distance from VW,Limited Transit Access | Low Service Frequency,238,Tier 4: Marginal Sites
201,"Location (35.0287, -85.2010)",214.0,8362.941929626348,5.2,Optimal Distance,Conservative (500m),,620.0,Excellent - High Frequency,High Reliability,27.48,2.58,100.0,6.71,100.0,37.31,Poor - Not Recommended,Optimal Distance from VW,Limited Transit Access | Low Service Frequency,239,Tier 4: Marginal Sites
93,"Location (35.0978, -85.2685)",353.0,12789.157417632921,7.95,Optimal Distance,Conservative (500m),,300.0,Excellent - High Frequency,High Reliability,27.15,1.25,100.0,11.07,100.0,37.28,Poor - Not Recommended,Optimal Distance from VW,Limited Transit Access | Low Service Frequency,240,Tier 4: Marginal Sites
37,"Location (35.1008, -85.2344)",577.0,9828.951655446512,6.11,Optimal Distance,Extended (1000m),3.0,64.0,Good - Moderate Frequency,High Reliability,25.84,0.27,100.0,18.09,100.0,37.21,Poor - Not Recommended,Optimal Distance from VW,Limited Transit Access | Low Service Frequency,241,Tier 4: Marginal Sites
144,"Location (35.0997, -85.2429)",266.0,10546.21739821448,6.55,Optimal Distance,Extended (1000m),4.0,96.0,Good - Moderate Frequency,High Reliability,28.18,0.4,100.0,8.34,100.0,37.2,Poor - Not Recommended,Optimal Distance from VW,Limited Transit Access | Low Service Frequency,242,Tier 4: Marginal Sites
233,"Location (35.1246, -85.2368)",192.0,11037.288072366136,6.86,Optimal Distance,Conservative (500m),,120.0,Excellent - High Frequency,Low Reliability,28.52,0.5,100.0,6.02,100.0,37.13,Poor - Not Recommended,Optimal Distance from VW,Limited Transit Access | Low Service Frequency,243,Tier 4: Marginal Sites
441,"Location (35.1225, -85.2404)",53.0,11216.237747657638,6.97,Optimal Distance,Conservative (500m),,614.0,Excellent - High Frequency,High Reliability,28.19,2.55,100.0,1.66,100.0,37.08,Poor - Not Recommended,Optimal Distance from VW,Limited Transit Access | Low Service Frequency | Limited Capacity,244,Tier 4: Marginal Sites
179,"Location (35.0484, -85.3213)",232.0,17681.806328254428,10.99,Far - Acceptable,Extended (1000m),28.0,839.0,Excellent - High Frequency,High Reliability,44.33,3.48,73.18,7.27,50.0,36.47,Poor - Not Recommended,,Limited Transit Access | Low Service Frequency | Far from VW,245,Tier 4: Marginal Sites
207,"Location (35.0155, -85.3245)",210.0,18963.23319039226,11.78,Far - Acceptable,Extended (1000m),46.0,2610.0,Excellent - High Frequency,High Reliability,45.61,10.84,60.37,6.58,50.0,36.19,Poor - Not Recommended,,Limited Transit Access | Low Service Frequency | Far from VW,246,Tier 4: Marginal Sites
282,"Location (35.0090, -85.3241)",166.0,19197.613515241574,11.93,Far - Acceptable,Extended (1000m),56.0,2584.0,Excellent - High Frequency,High Reliability,46.89,10.73,58.02,5.2,50.0,36.07,Poor - Not Recommended,,Limited Transit Access | Low Service Frequency | Far from VW,247,Tier 4: Marginal Sites
227,"Location (34.9871, -85.2876)",197.0,17454.508944879137,10.85,Far - Acceptable,Conservative (500m),15.0,1230.0,Excellent - High Frequency,High Reliability,41.16,5.11,75.45,6.18,50.0,35.95,Poor - Not Recommended,,Limited Transit Access | Low Service Frequency | Far from VW,248,Tier 4: Marginal Sites
135,"Location (35.0147, -85.3261)",282.0,19127.662927928555,11.89,Far - Acceptable,Extended (1000m),46.0,2685.0,Excellent - High Frequency,High Reliability,44.82,11.15,58.72,8.84,50.0,35.85,Poor - Not Recommended,,Limited Transit Access | Low Service Frequency | Far from VW,249,Tier 4: Marginal Sites
142,"Location (35.0196, -85.3137)",274.0,17882.451680494763,11.11,Far - Acceptable,Extended (1000m),35.0,1517.0,Excellent - High Frequency,High Reliability,41.71,6.3,71.18,8.59,50.0,35.85,Poor - Not Recommended,,Limited Transit Access | Low Service Frequency | Far from VW,250,Tier 4: Marginal Sites
122,"Location (35.1434, -85.2381)",294.0,12268.010550134717,7.62,Optimal Distance,Conservative (500m),,60.0,Good - Moderate Frequency,Low Reliability,24.64,0.25,100.0,9.22,100.0,35.84,Poor - Not Recommended,Optimal Distance from VW,Limited Transit Access | Low Service Frequency,251,Tier 4: Marginal Sites
356,"Location (35.0318, -85.1846)",101.0,7022.89688145134,4.36,Near - Marginal,Extended (1000m),10.0,827.0,Excellent - High Frequency,High Reliability,36.17,3.43,87.79,3.17,50.0,35.7,Poor - Not Recommended,Optimal Distance from VW,Limited Transit Access | Low Service Frequency | Too Close to VW,252,Tier 4: Marginal Sites
388,"Location (35.0171, -85.3234)",84.0,18802.899318131505,11.68,Far - Acceptable,Extended (1000m),47.0,2111.0,Excellent - High Frequency,High Reliability,45.68,8.77,61.97,2.63,50.0,35.62,Poor - Not Recommended,,Limited Transit Access | Low Service Frequency | Far from VW | Limited Capacity,253,Tier 4: Marginal Sites
384,"Location (35.1421, -85.2378)",86.0,12155.829613041476,7.55,Optimal Distance,Conservative (500m),,60.0,Good - Moderate Frequency,Low Reliability,25.69,0.25,100.0,2.7,100.0,35.61,Poor - Not Recommended,Optimal Distance from VW,Limited Transit Access | Low Service Frequency | Limited Capacity,254,Tier 4: Marginal Sites
423,"Location (35.0323, -85.1858)",63.0,7061.071476816894,4.39,Near - Marginal,Extended (1000m),9.0,931.0,Excellent - High Frequency,High Reliability,35.41,3.87,88.26,1.97,50.0,35.48,Poor - Not Recommended,Optimal Distance from VW,Limited Transit Access | Low Service Frequency | Too Close to VW | Limited Capacity,255,Tier 4: Marginal Sites
84,"Location (35.0810, -85.2970)",389.0,15187.833946564699,9.44,Far - Acceptable,Conservative (500m),,480.0,Excellent - High Frequency,High Reliability,28.85,1.99,98.12,12.19,50.0,35.38,Poor - Not Recommended,Optimal Distance from VW,Limited Transit Access | Low Service Frequency | Far from VW,256,Tier 4: Marginal Sites
117,"Location (35.0101, -85.3267)",300.0,19372.020127190815,12.04,Far - Acceptable,Extended (1000m),49.0,2333.0,Excellent - High Frequency,High Reliability,45.45,9.69,56.28,9.4,50.0,35.3,Poor - Not Recommended,,Limited Transit Access | Low Service Frequency | Far from VW,257,Tier 4: Marginal Sites
307,"Location (35.0469, -85.3216)",133.0,17738.398645266854,11.02,Far - Acceptable,Extended (1000m),24.0,965.0,Excellent - High Frequency,High Reliability,42.12,4.01,72.62,4.17,50.0,35.29,Poor - Not Recommended,,Limited Transit Access | Low Service Frequency | Far from VW,258,Tier 4: Marginal Sites
156,"Location (35.0327, -85.1841)",256.0,6921.977172744164,4.3,Near - Marginal,Extended (1000m),10.0,827.0,Excellent - High Frequency,High Reliability,34.51,3.43,86.52,8.03,50.0,35.27,Poor - Not Recommended,Optimal Distance from VW,Limited Transit Access | Low Service Frequency | Too Close to VW,259,Tier 4: Marginal Sites
366,"Location (35.1449, -85.2405)",95.0,12542.848434162248,7.79,Optimal Distance,Conservative (500m),,60.0,Good - Moderate Frequency,Low Reliability,24.62,0.25,100.0,2.98,100.0,35.21,Poor - Not Recommended,Optimal Distance from VW,Limited Transit Access | Low Service Frequency | Limited Capacity,260,Tier 4: Marginal Sites
275,"Location (35.0545, -85.3196)",168.0,17422.36661145387,10.83,Far - Acceptable,Conservative (500m),,927.0,Excellent - High Frequency,High Reliability,39.99,3.85,75.78,5.27,50.0,35.14,Poor - Not Recommended,,Limited Transit Access | Low Service Frequency | Far from VW,261,Tier 4: Marginal Sites
161,Cell Waiting Lot,252.0,7831.405716430047,4.87,Near - Marginal,Conservative (500m),,517.0,Excellent - High Frequency,High Reliability,29.24,2.15,97.89,7.9,50.0,35.1,Poor - Not Recommended,Optimal Distance from VW,Limited Transit Access | Low Service Frequency | Too Close to VW,262,Tier 4: Marginal Sites
444,"Location (35.0226, -85.3200)",53.0,18303.894767335743,11.37,Far - Acceptable,Extended (1000m),41.0,1756.0,Excellent - High Frequency,High Reliability,42.47,7.29,66.96,1.66,50.0,34.87,Poor - Not Recommended,,Limited Transit Access | Low Service Frequency | Far from VW | Limited Capacity,263,Tier 4: Marginal Sites
31,"Location (35.0462, -85.3227)",645.0,17859.26257989557,11.1,Far - Acceptable,Extended (1000m),19.0,965.0,Excellent - High Frequency,High Reliability,37.56,4.01,71.41,20.22,50.0,34.83,Poor - Not Recommended,,Limited Transit Access | Low Service Frequency | Far from VW,264,Tier 4: Marginal Sites
285,"Location (35.0251, -85.3177)",162.0,18011.65856650357,11.19,Far - Acceptable,Extended (1000m),32.0,764.0,Excellent - High Frequency,High Reliability,42.41,3.17,69.88,5.08,50.0,34.74,Poor - Not Recommended,,Limited Transit Access | Low Service Frequency | Far from VW,265,Tier 4: Marginal Sites
17,"Location (35.0321, -85.1578)",913.0,5561.960860268819,3.46,Near - Marginal,Extended (1000m),7.0,622.0,Excellent - High Frequency,High Reliability,36.14,2.58,69.52,28.62,50.0,34.37,Poor - Not Recommended,,Limited Transit Access | Low Service Frequency | Too Close to VW,266,Tier 4: Marginal Sites
75,"Location (35.0366, -85.1597)",416.0,5209.900613742207,3.24,Near - Marginal,Extended (1000m),23.0,1138.0,Excellent - High Frequency,High Reliability,40.61,4.73,65.12,13.04,50.0,34.25,Poor - Not Recommended,,Limited Transit Access | Low Service Frequency | Too Close to VW,267,Tier 4: Marginal Sites
269,"Location (35.0245, -85.3113)",170.0,17485.106873188568,10.86,Far - Acceptable,Extended (1000m),25.0,992.0,Excellent - High Frequency,High Reliability,37.66,4.12,75.15,5.33,50.0,34.16,Poor - Not Recommended,,Limited Transit Access | Low Service Frequency | Far from VW,268,Tier 4: Marginal Sites
10,"Location (35.0348, -85.1568)",1257.0,5249.99127523449,3.26,Near - Marginal,Extended (1000m),10.0,828.0,Excellent - High Frequency,High Reliability,33.47,3.44,65.62,39.4,50.0,33.81,Poor - Not Recommended,,Limited Transit Access | Low Service Frequency | Too Close to VW,269,Tier 4: Marginal Sites
58,"Location (35.0353, -85.1609)",482.0,5385.073552751115,3.35,Near - Marginal,Extended (1000m),20.0,724.0,Excellent - High Frequency,High Reliability,38.33,3.01,67.31,15.11,50.0,33.56,Poor - Not Recommended,,Limited Transit Access | Low Service Frequency | Too Close to VW,270,Tier 4: Marginal Sites
178,"Location (35.0213, -85.3238)",234.0,18675.929195071178,11.6,Far - Acceptable,Extended (1000m),32.0,1782.0,Excellent - High Frequency,High Reliability,38.72,7.4,63.24,7.34,50.0,33.22,Poor - Not Recommended,,Limited Transit Access | Low Service Frequency | Far from VW,271,Tier 4: Marginal Sites
154,"Location (35.0090, -85.3291)",256.0,19614.49139755912,12.19,Far - Acceptable,Extended (1000m),38.0,1687.0,Excellent - High Frequency,High Reliability,43.29,7.01,53.86,8.03,50.0,33.14,Poor - Not Recommended,,Limited Transit Access | Low Service Frequency | Far from VW,272,Tier 4: Marginal Sites
95,"Location (35.0369, -85.1581)",350.0,5101.151819356967,3.17,Near - Marginal,Extended (1000m),20.0,1138.0,Excellent - High Frequency,High Reliability,37.71,4.73,63.76,10.97,50.0,32.62,Poor - Not Recommended,,Limited Transit Access | Low Service Frequency | Too Close to VW,273,Tier 4: Marginal Sites
324,"Location (35.0912, -85.2237)",117.0,8635.993054030803,5.37,Optimal Distance,Extended (1000m),1.0,17.0,Limited - Minimal Service,Low Reliability,17.4,0.07,100.0,3.67,100.0,32.35,Poor - Not Recommended,Optimal Distance from VW,Limited Transit Access | Low Service Frequency,274,Tier 4: Marginal Sites
210,"Location (35.0323, -85.1595)",207.0,5612.268163857909,3.49,Near - Marginal,Extended (1000m),6.0,518.0,Excellent - High Frequency,High Reliability,36.56,2.15,70.15,6.49,50.0,32.34,Poor - Not Recommended,,Limited Transit Access | Low Service Frequency | Too Close to VW,275,Tier 4: Marginal Sites
42,"Location (35.0338, -85.1606)",549.0,5512.802843370634,3.43,Near - Marginal,Extended (1000m),7.0,621.0,Excellent - High Frequency,High Reliability,33.83,2.58,68.91,17.21,50.0,32.18,Poor - Not Recommended,,Limited Transit Access | Low Service Frequency | Too Close to VW,276,Tier 4: Marginal Sites
134,CCA lot,283.0,15699.55344386791,9.76,Far - Acceptable,Conservative (500m),,76.0,Good - Moderate Frequency,Low Reliability,24.96,0.32,93.0,8.87,50.0,32.05,Poor - Not Recommended,Optimal Distance from VW,Limited Transit Access | Low Service Frequency | Far from VW,277,Tier 4: Marginal Sites
29,"Location (35.0365, -85.1552)",664.0,5012.728347499456,3.11,Near - Marginal,Extended (1000m),12.0,1035.0,Excellent - High Frequency,High Reliability,34.64,4.3,62.66,20.82,50.0,32.05,Poor - Not Recommended,,Limited Transit Access | Low Service Frequency | Too Close to VW,278,Tier 4: Marginal Sites
126,"Location (35.0871, -85.1891)",292.0,5457.218692976104,3.39,Near - Marginal,Extended (1000m),11.0,86.0,Good - Moderate Frequency,High Reliability,36.61,0.36,68.22,9.15,50.0,31.79,Poor - Not Recommended,,Limited Transit Access | Low Service Frequency | Too Close to VW,279,Tier 4: Marginal Sites
115,"Location (35.0331, -85.1567)",306.0,5416.221546708479,3.37,Near - Marginal,Extended (1000m),7.0,725.0,Excellent - High Frequency,High Reliability,34.32,3.01,67.7,9.59,50.0,31.48,Poor - Not Recommended,,Limited Transit Access | Low Service Frequency | Too Close to VW,280,Tier 4: Marginal Sites
359,"Location (35.0308, -85.1743)",100.0,6488.098468502101,4.03,Near - Marginal,Conservative (500m),,517.0,Excellent - High Frequency,High Reliability,29.13,2.15,81.1,3.13,50.0,31.22,Poor - Not Recommended,Optimal Distance from VW,Limited Transit Access | Low Service Frequency | Too Close to VW,281,Tier 4: Marginal Sites
81,"Location (35.0743, -85.1868)",391.0,5134.277190232825,3.19,Near - Marginal,Extended (1000m),11.0,136.0,Excellent - High Frequency,High Reliability,35.16,0.56,64.18,12.26,50.0,30.77,Poor - Not Recommended,,Limited Transit Access | Low Service Frequency | Too Close to VW,282,Tier 4: Marginal Sites
183,"Location (35.0733, -85.1997)",229.0,6321.051118763003,3.93,Near - Marginal,Extended (1000m),5.0,51.0,Good - Moderate Frequency,High Reliability,27.24,0.21,79.01,7.18,50.0,29.97,Poor - Not Recommended,,Limited Transit Access | Low Service Frequency | Too Close to VW,283,Tier 4: Marginal Sites
138,"Location (35.0630, -85.3218)",280.0,17513.336903520536,10.88,Far - Acceptable,Conservative (500m),,196.0,Excellent - High Frequency,High Reliability,27.49,0.81,74.87,8.78,50.0,29.55,Poor - Not Recommended,,Limited Transit Access | Low Service Frequency | Far from VW,284,Tier 4: Marginal Sites
229,Oakwood Baptist Church Parking Lot,197.0,6615.814407029805,4.11,Near - Marginal,Conservative (500m),,44.0,Fair - Basic Service,Moderate Reliability,22.27,0.18,82.7,6.18,50.0,28.61,Poor - Not Recommended,Optimal Distance from VW,Limited Transit Access | Low Service Frequency | Too Close to VW,285,Tier 4: Marginal Sites
311,"Location (35.0609, -85.3222)",131.0,17566.642525732477,10.92,Far - Acceptable,Conservative (500m),,120.0,Excellent - High Frequency,Moderate Reliability,26.09,0.5,74.33,4.11,50.0,28.34,Poor - Not Recommended,,Limited Transit Access | Low Service Frequency | Far from VW,286,Tier 4: Marginal Sites
343,"Location (35.0770, -85.2041)",108.0,6710.698768889545,4.17,Near - Marginal,Conservative (500m),,27.0,Limited - Minimal Service,Low Reliability,21.2,0.11,83.88,3.39,50.0,28.12,Poor - Not Recommended,Optimal Distance from VW,Limited Transit Access | Low Service Frequency | Too Close to VW,287,Tier 4: Marginal Sites
257,"Location (35.0748, -85.2029)",178.0,6602.972725072853,4.1,Near - Marginal,Conservative (500m),,34.0,Fair - Basic Service,Moderate Reliability,18.89,0.14,82.54,5.58,50.0,27.16,Poor - Not Recommended,Optimal Distance from VW,Limited Transit Access | Low Service Frequency | Too Close to VW,288,Tier 4: Marginal Sites
