parking_id,name,capacity,distance_to_vw_m,vw_distance_category,score_500m,rank_500m,quality_500m,stops_500m,score_800m,rank_800m,quality_800m,stops_800m,score_1000m,rank_1000m,quality_1000m,stops_1000m,best_scenario,max_accessibility_score
205,"Location (35.0463, -85.3041)",210.0,16187.624910242865,Far - Acceptable,62.8,42.0,Excellent - High Frequency,49.0,92.47,6.0,Excellent - High Frequency,141.0,99.12,1,Excellent - High Frequency,195,Extended (1000m),99.12
403,"Location (35.0458, -85.3032)",71.0,16122.22954416108,Far - Acceptable,57.13,54.0,Excellent - High Frequency,40.0,88.01,23.0,Excellent - High Frequency,134.0,98.6,2,Excellent - High Frequency,194,Extended (1000m),98.6
305,"Location (35.0463, -85.3099)",136.0,16707.881492106386,Far - Acceptable,97.33,1.0,Excellent - High Frequency,81.0,93.34,5.0,Excellent - High Frequency,141.0,98.46,3,Excellent - High Frequency,193,Extended (1000m),98.46
358,"Location (35.0465, -85.3051)",100.0,16278.823650005299,Far - Acceptable,81.39,20.0,Excellent - High Frequency,69.0,96.42,3.0,Excellent - High Frequency,153.0,98.18,4,Excellent - High Frequency,191,Extended (1000m),98.18
320,"Location (35.0453, -85.3062)",120.0,16404.347568691006,Far - Acceptable,92.54,4.0,Excellent - High Frequency,83.0,91.65,7.0,Excellent - High Frequency,138.0,98.12,5,Excellent - High Frequency,193,Extended (1000m),98.12
337,"Location (35.0483, -85.3062)",111.0,16332.16557027244,Far - Acceptable,80.25,21.0,Excellent - High Frequency,65.0,98.09,1.0,Excellent - High Frequency,159.0,94.86,15,Excellent - High Frequency,179,Moderate (800m),98.09
113,"Location (35.0468, -85.3023)",307.0,16015.371946716066,Far - Acceptable,57.02,55.0,Excellent - High Frequency,34.0,86.15,27.0,Excellent - High Frequency,132.0,97.83,6,Excellent - High Frequency,190,Extended (1000m),97.83
364,"Location (35.0457, -85.3027)",96.0,16078.938046338448,Far - Acceptable,56.92,56.0,Excellent - High Frequency,39.0,89.63,16.0,Excellent - High Frequency,135.0,97.71,7,Excellent - High Frequency,191,Extended (1000m),97.71
417,"Location (35.0476, -85.3068)",65.0,16400.49522657566,Far - Acceptable,89.03,6.0,Excellent - High Frequency,76.0,97.36,2.0,Excellent - High Frequency,156.0,94.59,18,Excellent - High Frequency,179,Moderate (800m),97.36
382,"Location (35.0484, -85.3041)",87.0,16145.832784750124,Far - Acceptable,64.91,38.0,Excellent - High Frequency,42.0,90.76,9.0,Excellent - High Frequency,142.0,97.18,8,Excellent - High Frequency,186,Extended (1000m),97.18
456,"Location (35.0488, -85.3039)",50.0,16113.818764930795,Far - Acceptable,59.19,47.0,Excellent - High Frequency,36.0,90.06,11.0,Excellent - High Frequency,142.0,96.99,9,Excellent - High Frequency,186,Extended (1000m),96.99
389,"Location (35.0468, -85.3080)",82.0,16529.77547474899,Far - Acceptable,95.7,2.0,Excellent - High Frequency,82.0,96.25,4.0,Excellent - High Frequency,155.0,96.16,11,Excellent - High Frequency,185,Moderate (800m),96.25
321,"Location (35.0476, -85.3019)",119.0,15966.306868863656,Far - Acceptable,59.41,46.0,Excellent - High Frequency,36.0,78.81,41.0,Excellent - High Frequency,116.0,96.18,10,Excellent - High Frequency,185,Extended (1000m),96.18
435,"Location (35.0490, -85.3042)",57.0,16138.977126095268,Far - Acceptable,63.44,41.0,Excellent - High Frequency,41.0,90.39,10.0,Excellent - High Frequency,144.0,95.74,12,Excellent - High Frequency,183,Extended (1000m),95.74
453,"Location (35.0450, -85.3115)",51.0,16876.701925648158,Far - Acceptable,90.93,5.0,Excellent - High Frequency,70.0,88.65,18.0,Excellent - High Frequency,129.0,94.93,13,Excellent - High Frequency,181,Extended (1000m),94.93
381,"Location (35.0495, -85.3031)",87.0,16029.088627632473,Far - Acceptable,58.85,50.0,Excellent - High Frequency,34.0,83.03,33.0,Excellent - High Frequency,123.0,94.87,14,Excellent - High Frequency,180,Extended (1000m),94.87
295,"Location (35.0444, -85.3099)",148.0,16751.50025168177,Far - Acceptable,94.15,3.0,Excellent - High Frequency,77.0,91.09,8.0,Excellent - High Frequency,134.0,94.77,16,Excellent - High Frequency,185,Extended (1000m),94.77
415,"Location (35.0439, -85.3057)",67.0,16388.399951156578,Far - Acceptable,87.9,7.0,Excellent - High Frequency,75.0,90.05,12.0,Excellent - High Frequency,131.0,94.74,17,Excellent - High Frequency,186,Extended (1000m),94.74
363,"Location (35.0497, -85.3039)",99.0,16096.553826358062,Far - Acceptable,57.45,52.0,Excellent - High Frequency,33.0,85.27,29.0,Excellent - High Frequency,134.0,94.44,19,Excellent - High Frequency,180,Extended (1000m),94.44
328,"Location (35.0452, -85.3124)",115.0,16960.252532299142,Far - Acceptable,86.97,10.0,Excellent - High Frequency,63.0,89.41,17.0,Excellent - High Frequency,134.0,94.16,20,Excellent - High Frequency,177,Extended (1000m),94.16
338,"Location (35.0437, -85.3047)",111.0,16308.49029452376,Far - Acceptable,79.57,23.0,Excellent - High Frequency,64.0,88.05,22.0,Excellent - High Frequency,126.0,93.82,21,Excellent - High Frequency,182,Extended (1000m),93.82
313,"Location (35.0429, -85.3052)",130.0,16369.717616531281,Far - Acceptable,84.2,13.0,Excellent - High Frequency,70.0,90.03,13.0,Excellent - High Frequency,132.0,93.11,22,Excellent - High Frequency,179,Extended (1000m),93.11
292,"Location (35.0443, -85.3118)",152.0,16927.433058822888,Far - Acceptable,87.62,8.0,Excellent - High Frequency,65.0,88.41,20.0,Excellent - High Frequency,130.0,92.49,23,Excellent - High Frequency,177,Extended (1000m),92.49
434,"Location (35.0463, -85.3123)",58.0,16919.713707409188,Far - Acceptable,82.77,15.0,Excellent - High Frequency,58.0,87.23,25.0,Excellent - High Frequency,133.0,92.11,24,Excellent - High Frequency,176,Extended (1000m),92.11
431,48,59.0,15916.949367174317,Far - Acceptable,56.78,57.0,Excellent - High Frequency,34.0,70.78,51.0,Excellent - High Frequency,96.0,91.48,25,Excellent - High Frequency,170,Extended (1000m),91.48
308,"Location (35.0493, -85.3052)",131.0,16222.267759599044,Far - Acceptable,67.77,31.0,Excellent - High Frequency,52.0,89.92,15.0,Excellent - High Frequency,143.0,91.01,26,Excellent - High Frequency,172,Extended (1000m),91.01
252,"Location (35.0477, -85.3121)",180.0,16874.41713334078,Far - Acceptable,82.46,16.0,Excellent - High Frequency,57.0,90.0,14.0,Excellent - High Frequency,137.0,90.56,27,Excellent - High Frequency,167,Extended (1000m),90.56
383,"Location (35.0446, -85.3130)",87.0,17019.948841998597,Far - Acceptable,82.46,17.0,Excellent - High Frequency,58.0,86.59,26.0,Excellent - High Frequency,126.0,90.49,28,Excellent - High Frequency,169,Extended (1000m),90.49
310,Unum,131.0,16181.457574197351,Far - Acceptable,64.45,39.0,Excellent - High Frequency,48.0,85.57,28.0,Excellent - High Frequency,133.0,89.94,29,Excellent - High Frequency,169,Extended (1000m),89.94
290,"Location (35.0503, -85.3092)",154.0,16557.278339854693,Far - Acceptable,87.45,9.0,Excellent - High Frequency,72.0,88.45,19.0,Excellent - High Frequency,122.0,89.71,30,Excellent - High Frequency,159,Extended (1000m),89.71
345,"Location (35.0503, -85.3088)",107.0,16525.463031721294,Far - Acceptable,86.67,11.0,Excellent - High Frequency,72.0,88.19,21.0,Excellent - High Frequency,123.0,89.52,31,Excellent - High Frequency,160,Extended (1000m),89.52
61,"Location (35.0417, -85.3073)",470.0,16587.101551142212,Far - Acceptable,85.23,12.0,Excellent - High Frequency,71.0,87.63,24.0,Excellent - High Frequency,138.0,88.62,32,Excellent - High Frequency,168,Extended (1000m),88.62
451,"Location (35.0410, -85.3059)",51.0,16484.3024649258,Far - Acceptable,73.41,26.0,Excellent - High Frequency,60.0,84.7,31.0,Excellent - High Frequency,133.0,88.49,33,Excellent - High Frequency,172,Extended (1000m),88.49
425,"Location (35.0407, -85.3074)",60.0,16623.082664037836,Far - Acceptable,80.1,22.0,Excellent - High Frequency,65.0,84.97,30.0,Excellent - High Frequency,128.0,88.07,34,Excellent - High Frequency,165,Extended (1000m),88.07
404,"Location (35.0420, -85.3024)",71.0,16148.626481685827,Far - Acceptable,51.8,67.0,Excellent - High Frequency,31.0,78.65,42.0,Excellent - High Frequency,112.0,87.58,35,Excellent - High Frequency,164,Extended (1000m),87.58
406,"Location (35.0507, -85.3050)",71.0,16177.330964942808,Far - Acceptable,66.95,33.0,Excellent - High Frequency,50.0,79.8,38.0,Excellent - High Frequency,118.0,87.49,36,Excellent - High Frequency,157,Extended (1000m),87.49
367,"Location (35.0508, -85.3045)",95.0,16130.691964812297,Far - Acceptable,61.78,44.0,Excellent - High Frequency,44.0,80.1,37.0,Excellent - High Frequency,117.0,86.66,37,Excellent - High Frequency,154,Extended (1000m),86.66
448,"Location (35.0480, -85.3132)",52.0,16969.271018552554,Far - Acceptable,72.43,27.0,Excellent - High Frequency,50.0,84.13,32.0,Excellent - High Frequency,123.0,86.37,38,Excellent - High Frequency,157,Extended (1000m),86.37
449,"Location (35.0507, -85.3113)",51.0,16736.968889428194,Far - Acceptable,82.42,18.0,Excellent - High Frequency,63.0,82.69,34.0,Excellent - High Frequency,104.0,86.26,39,Excellent - High Frequency,146,Extended (1000m),86.26
422,"Location (35.0512, -85.3101)",63.0,16628.625284649537,Far - Acceptable,83.97,14.0,Excellent - High Frequency,65.0,79.21,39.0,Excellent - High Frequency,102.0,85.99,40,Excellent - High Frequency,142,Extended (1000m),85.99
298,"Location (35.0400, -85.3066)",147.0,16568.501956752803,Far - Acceptable,75.57,25.0,Excellent - High Frequency,61.0,82.09,35.0,Excellent - High Frequency,125.0,85.69,41,Excellent - High Frequency,165,Extended (1000m),85.69
125,"Location (35.0516, -85.3070)",292.0,16337.989328924748,Far - Acceptable,82.23,19.0,Excellent - High Frequency,68.0,78.03,44.0,Excellent - High Frequency,105.0,85.01,42,Excellent - High Frequency,141,Extended (1000m),85.01
283,"Location (35.0485, -85.3134)",165.0,16978.071487409667,Far - Acceptable,69.4,30.0,Excellent - High Frequency,50.0,81.47,36.0,Excellent - High Frequency,116.0,84.66,43,Excellent - High Frequency,151,Extended (1000m),84.66
419,"Location (35.0493, -85.3135)",65.0,16968.231163954893,Far - Acceptable,66.38,35.0,Excellent - High Frequency,50.0,79.12,40.0,Excellent - High Frequency,107.0,83.01,44,Excellent - High Frequency,146,Extended (1000m),83.01
267,"Location (35.0507, -85.3124)",173.0,16835.740108463662,Far - Acceptable,75.81,24.0,Excellent - High Frequency,58.0,75.57,48.0,Excellent - High Frequency,94.0,82.35,45,Excellent - High Frequency,137,Extended (1000m),82.35
242,"Location (35.0389, -85.3084)",188.0,16760.843058359744,Far - Acceptable,69.7,29.0,Excellent - High Frequency,56.0,78.46,43.0,Excellent - High Frequency,114.0,81.35,46,Excellent - High Frequency,149,Extended (1000m),81.35
268,"Location (35.0417, -85.2999)",172.0,15931.2022056516,Far - Acceptable,47.15,78.0,Excellent - High Frequency,27.0,61.99,68.0,Excellent - High Frequency,78.0,81.17,47,Excellent - High Frequency,151,Extended (1000m),81.17
211,"Location (35.0503, -85.3132)",207.0,16921.75745981278,Far - Acceptable,70.4,28.0,Excellent - High Frequency,54.0,75.28,49.0,Excellent - High Frequency,99.0,81.16,48,Excellent - High Frequency,137,Extended (1000m),81.16
106,"Location (35.0463, -85.3161)",324.0,17263.52935324641,Far - Acceptable,41.7,103.0,Excellent - High Frequency,18.0,71.93,50.0,Excellent - High Frequency,85.0,80.42,49,Excellent - High Frequency,135,Extended (1000m),80.42
249,"Location (35.0405, -85.3140)",181.0,17211.462347659683,Far - Acceptable,51.5,68.0,Excellent - High Frequency,26.0,77.64,45.0,Excellent - High Frequency,104.0,80.32,50,Excellent - High Frequency,140,Extended (1000m),80.32
331,"Location (35.0399, -85.3122)",114.0,17071.805458025196,Far - Acceptable,66.95,34.0,Excellent - High Frequency,48.0,77.04,46.0,Excellent - High Frequency,112.0,79.68,51,Excellent - High Frequency,145,Extended (1000m),79.68
157,"Location (35.0387, -85.3114)",255.0,17034.869119738145,Far - Acceptable,67.68,32.0,Excellent - High Frequency,50.0,76.47,47.0,Excellent - High Frequency,104.0,78.48,52,Excellent - High Frequency,136,Extended (1000m),78.48
222,32,201.0,15746.740184657952,Far - Acceptable,56.68,58.0,Excellent - High Frequency,26.0,61.01,72.0,Excellent - High Frequency,58.0,77.25,53,Excellent - High Frequency,125,Extended (1000m),77.25
160,"Location (35.0471, -85.3177)",253.0,17390.384389220973,Far - Acceptable,38.32,139.0,Excellent - High Frequency,13.0,64.51,61.0,Excellent - High Frequency,61.0,76.86,54,Excellent - High Frequency,114,Extended (1000m),76.86
25,"Location (35.0486, -85.3163)",794.0,17232.03275302098,Far - Acceptable,29.63,214.0,Excellent - High Frequency,7.0,68.92,54.0,Excellent - High Frequency,85.0,76.38,55,Excellent - High Frequency,123,Extended (1000m),76.38
341,"Location (35.0373, -85.3118)",108.0,17108.255638288698,Far - Acceptable,59.14,48.0,Excellent - High Frequency,42.0,69.78,52.0,Excellent - High Frequency,88.0,75.0,56,Excellent - High Frequency,122,Extended (1000m),75.0
291,"Location (35.0427, -85.2985)",154.0,15778.425307368572,Far - Acceptable,47.97,75.0,Excellent - High Frequency,27.0,55.44,81.0,Excellent - High Frequency,63.0,74.9,57,Excellent - High Frequency,126,Extended (1000m),74.9
317,"Location (35.0377, -85.3131)",121.0,17212.887363914637,Far - Acceptable,45.02,86.0,Excellent - High Frequency,22.0,69.31,53.0,Excellent - High Frequency,85.0,74.21,58,Excellent - High Frequency,119,Extended (1000m),74.21
446,"Location (35.0412, -85.2989)",52.0,15856.884935670714,Far - Acceptable,46.52,82.0,Excellent - High Frequency,24.0,52.42,85.0,Excellent - High Frequency,55.0,74.1,59,Excellent - High Frequency,129,Extended (1000m),74.1
322,"Location (35.0542, -85.3069)",118.0,16281.397583265654,Far - Acceptable,65.68,37.0,Excellent - High Frequency,44.0,68.75,55.0,Excellent - High Frequency,79.0,73.12,60,Excellent - High Frequency,112,Extended (1000m),73.12
137,"Location (35.0505, -85.3152)",281.0,17093.898998065302,Far - Acceptable,39.58,124.0,Excellent - High Frequency,20.0,67.68,56.0,Excellent - High Frequency,86.0,73.02,61,Excellent - High Frequency,113,Extended (1000m),73.02
18,"Location (35.0379, -85.3148)",881.0,17355.78547869321,Far - Acceptable,43.19,94.0,Excellent - High Frequency,20.0,64.45,62.0,Excellent - High Frequency,74.0,71.87,62,Excellent - High Frequency,109,Extended (1000m),71.87
372,"Location (35.0364, -85.3057)",89.0,16594.150167871016,Far - Acceptable,53.54,64.0,Excellent - High Frequency,31.0,62.61,65.0,Excellent - High Frequency,83.0,71.82,63,Excellent - High Frequency,129,Extended (1000m),71.82
347,"Location (35.0544, -85.3102)",106.0,16575.195954255156,Far - Acceptable,66.07,36.0,Excellent - High Frequency,43.0,65.46,59.0,Excellent - High Frequency,65.0,71.43,64,Excellent - High Frequency,103,Extended (1000m),71.43
352,"Location (35.0362, -85.3051)",103.0,16551.349007836325,Far - Acceptable,53.14,66.0,Excellent - High Frequency,30.0,61.02,71.0,Excellent - High Frequency,82.0,71.23,65,Excellent - High Frequency,129,Extended (1000m),71.23
405,"Location (35.0361, -85.3092)",71.0,16916.238030758424,Far - Acceptable,58.92,49.0,Excellent - High Frequency,43.0,62.34,66.0,Excellent - High Frequency,79.0,70.89,66,Excellent - High Frequency,113,Extended (1000m),70.89
287,"Location (35.0529, -85.3128)",156.0,16839.151817133115,Far - Acceptable,63.62,40.0,Excellent - High Frequency,42.0,66.06,58.0,Excellent - High Frequency,69.0,70.74,67,Excellent - High Frequency,98,Extended (1000m),70.74
284,33,163.0,15640.676874620724,Far - Acceptable,55.54,61.0,Excellent - High Frequency,25.0,61.31,69.0,Excellent - High Frequency,57.0,68.31,68,Excellent - High Frequency,94,Extended (1000m),68.31
433,"Location (35.0353, -85.3087)",58.0,16890.926791164453,Far - Acceptable,57.24,53.0,Excellent - High Frequency,41.0,59.59,74.0,Excellent - High Frequency,73.0,67.72,69,Excellent - High Frequency,105,Extended (1000m),67.72
385,"Location (35.0453, -85.2959)",85.0,15487.343342288783,Far - Acceptable,53.29,65.0,Excellent - High Frequency,24.0,66.15,57.0,Excellent - High Frequency,75.0,67.61,70,Excellent - High Frequency,99,Extended (1000m),67.61
327,"Location (35.0551, -85.3114)",116.0,16669.476794884038,Far - Acceptable,60.13,45.0,Excellent - High Frequency,37.0,62.14,67.0,Excellent - High Frequency,60.0,67.49,71,Excellent - High Frequency,91,Extended (1000m),67.49
368,"Location (35.0351, -85.3120)",94.0,17186.37617956679,Far - Acceptable,49.96,69.0,Excellent - High Frequency,32.0,55.92,77.0,Excellent - High Frequency,59.0,67.12,72,Excellent - High Frequency,98,Extended (1000m),67.12
224,"Location (35.0470, -85.2966)",198.0,15500.740469863349,Far - Acceptable,56.62,59.0,Excellent - High Frequency,29.0,63.14,64.0,Excellent - High Frequency,67.0,66.92,73,Excellent - High Frequency,100,Extended (1000m),66.92
371,"Location (35.0433, -85.2963)",90.0,15569.144624893748,Far - Acceptable,46.9,81.0,Excellent - High Frequency,24.0,61.08,70.0,Excellent - High Frequency,66.0,66.32,74,Excellent - High Frequency,94,Extended (1000m),66.32
191,"Location (35.0469, -85.2948)",220.0,15347.210663359187,Far - Acceptable,57.71,51.0,Excellent - High Frequency,25.0,64.19,63.0,Excellent - High Frequency,63.0,66.3,75,Excellent - High Frequency,88,Extended (1000m),66.3
373,"Location (35.0540, -85.3125)",89.0,16785.73066389898,Far - Acceptable,61.85,43.0,Excellent - High Frequency,39.0,64.59,60.0,Excellent - High Frequency,65.0,65.72,76,Excellent - High Frequency,82,Extended (1000m),65.72
369,"Location (35.0353, -85.3131)",94.0,17279.71598616369,Far - Acceptable,47.47,77.0,Excellent - High Frequency,26.0,55.53,79.0,Excellent - High Frequency,57.0,64.14,77,Excellent - High Frequency,90,Extended (1000m),64.14
255,"Location (35.0490, -85.2944)",179.0,15265.89405365675,Far - Acceptable,54.12,62.0,Excellent - High Frequency,22.0,60.64,73.0,Excellent - High Frequency,51.0,63.88,78,Excellent - High Frequency,75,Extended (1000m),63.88
108,"Location (35.0480, -85.2928)",320.0,15139.132416917933,Far - Acceptable,56.09,60.0,Excellent - High Frequency,24.0,58.06,75.0,Excellent - High Frequency,47.0,61.83,79,Excellent - High Frequency,68,Extended (1000m),61.83
457,"Location (35.0345, -85.3072)",50.0,16784.954608764467,Far - Acceptable,53.57,63.0,Excellent - High Frequency,34.0,55.7,78.0,Excellent - High Frequency,60.0,61.21,80,Excellent - High Frequency,94,Extended (1000m),61.21
395,"Location (35.0428, -85.2917)",74.0,15181.34014230995,Far - Acceptable,42.44,100.0,Excellent - High Frequency,14.0,56.82,76.0,Excellent - High Frequency,52.0,60.06,81,Excellent - High Frequency,70,Extended (1000m),60.06
377,"Location (35.0523, -85.2978)",88.0,15496.25578278456,Far - Acceptable,49.2,73.0,Excellent - High Frequency,20.0,54.99,83.0,Excellent - High Frequency,42.0,59.44,82,Excellent - High Frequency,64,Extended (1000m),59.44
165,"Location (35.0439, -85.2878)",249.0,14801.097784879394,Optimal Distance,47.48,76.0,Excellent - High Frequency,15.0,55.53,80.0,Excellent - High Frequency,42.0,59.07,83,Excellent - High Frequency,64,Extended (1000m),59.07
197,"Location (35.0457, -85.2877)",218.0,14747.400344846877,Optimal Distance,49.47,71.0,Excellent - High Frequency,15.0,55.02,82.0,Excellent - High Frequency,39.0,58.58,84,Excellent - High Frequency,59,Extended (1000m),58.58
52,"Location (35.0554, -85.3148)",500.0,16978.534638421217,Far - Acceptable,33.29,183.0,Excellent - High Frequency,9.0,49.71,91.0,Excellent - High Frequency,45.0,57.33,85,Excellent - High Frequency,71,Extended (1000m),57.33
77,"Location (35.0373, -85.3177)",414.0,17625.92462199118,Far - Acceptable,29.32,216.0,Excellent - High Frequency,7.0,39.27,154.0,Excellent - High Frequency,33.0,56.83,86,Excellent - High Frequency,79,Extended (1000m),56.83
254,"Location (35.0401, -85.2715)",180.0,13492.157510081626,Optimal Distance,46.96,80.0,Excellent - High Frequency,31.0,48.78,95.0,Excellent - High Frequency,59.0,56.68,87,Excellent - High Frequency,91,Extended (1000m),56.68
270,"Location (35.0349, -85.3148)",170.0,17442.139198662375,Far - Acceptable,40.68,111.0,Excellent - High Frequency,19.0,46.69,100.0,Excellent - High Frequency,45.0,56.34,88,Excellent - High Frequency,80,Extended (1000m),56.34
351,"Location (35.0441, -85.2791)",103.0,14033.981735150313,Optimal Distance,46.96,79.0,Excellent - High Frequency,16.0,52.93,84.0,Excellent - High Frequency,45.0,55.33,89,Excellent - High Frequency,64,Extended (1000m),55.33
119,"Location (35.0438, -85.2821)",299.0,14308.119153063293,Optimal Distance,45.26,85.0,Excellent - High Frequency,15.0,50.6,90.0,Excellent - High Frequency,38.0,54.71,90,Excellent - High Frequency,58,Extended (1000m),54.71
392,"Location (35.0484, -85.3204)",77.0,17604.464856874467,Far - Acceptable,37.93,143.0,Excellent - High Frequency,8.0,38.25,167.0,Excellent - High Frequency,14.0,54.64,91,Excellent - High Frequency,51,Extended (1000m),54.64
339,"Location (35.0328, -85.3132)",109.0,17365.84540223165,Far - Acceptable,41.76,102.0,Excellent - High Frequency,18.0,48.59,96.0,Excellent - High Frequency,48.0,54.55,92,Excellent - High Frequency,68,Extended (1000m),54.55
136,"Location (35.0434, -85.2808)",281.0,14206.421505664664,Optimal Distance,45.34,84.0,Excellent - High Frequency,14.0,51.92,87.0,Excellent - High Frequency,39.0,54.43,93,Excellent - High Frequency,60,Extended (1000m),54.43
149,"Location (35.0346, -85.2698)",260.0,13541.04134113435,Optimal Distance,49.23,72.0,Excellent - High Frequency,33.0,51.95,86.0,Excellent - High Frequency,74.0,54.06,94,Excellent - High Frequency,95,Extended (1000m),54.06
370,"Location (35.0495, -85.2880)",94.0,14683.180453394674,Optimal Distance,42.13,101.0,Excellent - High Frequency,13.0,47.69,98.0,Excellent - High Frequency,29.0,54.0,95,Excellent - High Frequency,54,Extended (1000m),54.0
253,"Location (35.0448, -85.3203)",180.0,17673.001017576327,Far - Acceptable,41.3,104.0,Excellent - High Frequency,16.0,42.31,119.0,Excellent - High Frequency,22.0,53.93,96,Excellent - High Frequency,44,Extended (1000m),53.93
73,"Location (35.0339, -85.2680)",419.0,13418.500163092833,Optimal Distance,49.62,70.0,Excellent - High Frequency,34.0,51.65,88.0,Excellent - High Frequency,72.0,52.9,97,Excellent - High Frequency,88,Extended (1000m),52.9
263,"Location (35.0499, -85.2870)",175.0,14586.847695785582,Optimal Distance,36.96,153.0,Excellent - High Frequency,10.0,43.86,107.0,Excellent - High Frequency,23.0,52.7,98,Excellent - High Frequency,54,Extended (1000m),52.7
239,"Location (35.0361, -85.2689)",190.0,13411.515262954665,Optimal Distance,42.82,97.0,Excellent - High Frequency,29.0,51.25,89.0,Excellent - High Frequency,77.0,52.67,99,Excellent - High Frequency,98,Extended (1000m),52.67
175,"Location (35.0322, -85.2740)",236.0,13994.223044589175,Optimal Distance,46.42,83.0,Excellent - High Frequency,26.0,46.61,101.0,Excellent - High Frequency,45.0,52.66,100,Excellent - High Frequency,88,Extended (1000m),52.66
247,"Location (35.0487, -85.2783)",182.0,13834.205633193116,Optimal Distance,43.73,90.0,Excellent - High Frequency,13.0,46.75,99.0,Excellent - High Frequency,25.0,52.43,101,Excellent - High Frequency,50,Extended (1000m),52.43
271,"Location (35.0494, -85.2763)",169.0,13640.820116451456,Optimal Distance,42.95,95.0,Excellent - High Frequency,11.0,49.66,92.0,Excellent - High Frequency,33.0,52.11,102,Excellent - High Frequency,52,Extended (1000m),52.11
220,"Location (35.0394, -85.2659)",202.0,13026.373818775985,Optimal Distance,41.13,107.0,Excellent - High Frequency,21.0,49.65,93.0,Excellent - High Frequency,68.0,51.8,103,Excellent - High Frequency,91,Extended (1000m),51.8
116,"Location (35.0350, -85.3162)",302.0,17564.596045063816,Far - Acceptable,32.9,191.0,Excellent - High Frequency,15.0,40.43,133.0,Excellent - High Frequency,36.0,51.21,104,Excellent - High Frequency,68,Extended (1000m),51.21
309,"Location (35.0601, -85.3027)",131.0,15807.737886805033,Far - Acceptable,37.19,151.0,Excellent - High Frequency,9.0,41.64,124.0,Excellent - High Frequency,21.0,51.17,105,Excellent - High Frequency,47,Extended (1000m),51.17
458,"Location (35.0308, -85.2699)",50.0,13701.862328263749,Optimal Distance,48.57,74.0,Excellent - High Frequency,31.0,47.8,97.0,Excellent - High Frequency,52.0,50.88,106,Excellent - High Frequency,79,Extended (1000m),50.88
60,"Location (35.0346, -85.2663)",475.0,13242.823789912638,Optimal Distance,42.58,99.0,Excellent - High Frequency,29.0,48.85,94.0,Excellent - High Frequency,70.0,50.63,107,Excellent - High Frequency,87,Extended (1000m),50.63
412,"Location (35.0613, -85.3093)",69.0,16391.227491708563,Far - Acceptable,40.32,115.0,Excellent - High Frequency,16.0,41.97,122.0,Excellent - High Frequency,31.0,49.96,108,Excellent - High Frequency,54,Extended (1000m),49.96
169,"Location (35.0316, -85.3046)",244.0,16657.427646026077,Far - Acceptable,34.11,178.0,Excellent - High Frequency,18.0,43.24,113.0,Excellent - High Frequency,46.0,49.67,109,Excellent - High Frequency,75,Extended (1000m),49.67
380,"Location (35.0619, -85.3081)",88.0,16276.017601337511,Far - Acceptable,42.88,96.0,Excellent - High Frequency,16.0,42.45,118.0,Excellent - High Frequency,27.0,49.53,110,Excellent - High Frequency,51,Extended (1000m),49.53
265,"Location (35.0373, -85.2639)",174.0,12932.748172394337,Optimal Distance,35.31,166.0,Excellent - High Frequency,19.0,44.33,103.0,Excellent - High Frequency,58.0,49.32,111,Excellent - High Frequency,87,Extended (1000m),49.32
110,"Location (35.0308, -85.3055)",317.0,16760.93912439189,Far - Acceptable,33.06,188.0,Excellent - High Frequency,12.0,42.74,115.0,Excellent - High Frequency,44.0,49.17,112,Excellent - High Frequency,70,Extended (1000m),49.17
171,"Location (35.0612, -85.3059)",242.0,16091.381425005473,Far - Acceptable,41.24,106.0,Excellent - High Frequency,15.0,41.49,125.0,Excellent - High Frequency,25.0,48.26,113,Excellent - High Frequency,47,Extended (1000m),48.26
226,"Location (35.0600, -85.3011)",198.0,15670.64515219331,Far - Acceptable,31.47,202.0,Excellent - High Frequency,6.0,37.44,176.0,Excellent - High Frequency,20.0,48.0,114,Excellent - High Frequency,44,Extended (1000m),48.0
294,"Location (35.0499, -85.3206)",149.0,17589.265226945787,Far - Acceptable,33.08,187.0,Excellent - High Frequency,6.0,35.04,206.0,Excellent - High Frequency,11.0,47.66,115,Excellent - High Frequency,40,Extended (1000m),47.66
21,"Location (35.0295, -85.3069)",853.0,16926.71662297923,Far - Acceptable,31.6,200.0,Excellent - High Frequency,8.0,40.85,128.0,Excellent - High Frequency,35.0,47.61,116,Excellent - High Frequency,65,Extended (1000m),47.61
259,"Location (35.0257, -85.2775)",177.0,14564.408062248234,Optimal Distance,39.91,119.0,Excellent - High Frequency,15.0,40.73,129.0,Excellent - High Frequency,28.0,46.88,117,Excellent - High Frequency,60,Extended (1000m),46.88
103,"Location (35.0575, -85.2541)",333.0,11473.83984501075,Optimal Distance,39.64,121.0,Excellent - High Frequency,16.0,44.76,102.0,Excellent - High Frequency,45.0,46.54,118,Excellent - High Frequency,64,Extended (1000m),46.54
282,"Location (35.0090, -85.3241)",166.0,19197.613515241574,Far - Acceptable,41.29,105.0,Excellent - High Frequency,19.0,43.88,106.0,Excellent - High Frequency,38.0,46.48,119,Excellent - High Frequency,56,Extended (1000m),46.48
131,"Location (35.0588, -85.2533)",287.0,11376.919740022213,Optimal Distance,38.86,131.0,Excellent - High Frequency,17.0,44.11,105.0,Excellent - High Frequency,45.0,45.83,120,Excellent - High Frequency,63,Extended (1000m),45.83
388,"Location (35.0171, -85.3234)",84.0,18802.899318131505,Far - Acceptable,43.71,91.0,Excellent - High Frequency,20.0,42.55,116.0,Excellent - High Frequency,29.0,45.28,121,Excellent - High Frequency,47,Extended (1000m),45.28
207,"Location (35.0155, -85.3245)",210.0,18963.23319039226,Far - Acceptable,43.59,92.0,Excellent - High Frequency,19.0,44.29,104.0,Excellent - High Frequency,35.0,45.21,122,Excellent - High Frequency,46,Extended (1000m),45.21
117,"Location (35.0101, -85.3267)",300.0,19372.020127190815,Far - Acceptable,39.07,128.0,Excellent - High Frequency,14.0,42.99,114.0,Excellent - High Frequency,34.0,45.05,123,Excellent - High Frequency,49,Extended (1000m),45.05
426,"Location (35.0651, -85.3101)",59.0,16430.44332678596,Far - Acceptable,44.91,87.0,Excellent - High Frequency,25.0,43.34,111.0,Excellent - High Frequency,34.0,42.38,139,Excellent - High Frequency,34,Conservative (500m),44.91
279,"Location (35.0411, -85.2619)",167.0,12621.061989345246,Optimal Distance,35.37,164.0,Excellent - High Frequency,19.0,40.18,141.0,Excellent - High Frequency,42.0,44.81,124,Excellent - High Frequency,73,Extended (1000m),44.81
326,"Location (35.0632, -85.3081)",116.0,16268.503177792434,Far - Acceptable,44.44,88.0,Excellent - High Frequency,19.0,43.54,109.0,Excellent - High Frequency,31.0,44.71,125,Excellent - High Frequency,42,Extended (1000m),44.71
447,"Location (35.0628, -85.3062)",52.0,16096.551647026326,Far - Acceptable,43.81,89.0,Excellent - High Frequency,17.0,43.26,112.0,Excellent - High Frequency,29.0,44.62,126,Excellent - High Frequency,41,Extended (1000m),44.62
135,"Location (35.0147, -85.3261)",282.0,19127.662927928555,Far - Acceptable,40.86,108.0,Excellent - High Frequency,16.0,43.61,108.0,Excellent - High Frequency,36.0,44.43,127,Excellent - High Frequency,46,Extended (1000m),44.43
357,"Location (35.0628, -85.3110)",100.0,16536.63823343563,Far - Acceptable,43.44,93.0,Excellent - High Frequency,19.0,43.36,110.0,Excellent - High Frequency,32.0,44.42,128,Excellent - High Frequency,38,Extended (1000m),44.42
179,"Location (35.0484, -85.3213)",232.0,17681.806328254428,Far - Acceptable,35.32,165.0,Excellent - High Frequency,7.0,36.88,185.0,Excellent - High Frequency,14.0,43.94,129,Excellent - High Frequency,28,Extended (1000m),43.94
260,"Location (35.0441, -85.2600)",177.0,12359.246070143075,Optimal Distance,35.24,168.0,Excellent - High Frequency,20.0,38.34,165.0,Excellent - High Frequency,39.0,43.93,130,Excellent - High Frequency,70,Extended (1000m),43.93
232,"Location (35.0205, -85.2881)",193.0,15675.53960456273,Far - Acceptable,38.36,137.0,Excellent - High Frequency,13.0,38.21,168.0,Excellent - High Frequency,20.0,43.64,131,Excellent - High Frequency,46,Extended (1000m),43.64
152,"Location (35.0228, -85.2752)",257.0,14501.092639079932,Optimal Distance,37.0,152.0,Excellent - High Frequency,14.0,42.04,120.0,Excellent - High Frequency,37.0,43.58,132,Excellent - High Frequency,51,Extended (1000m),43.58
427,"Location (35.0628, -85.3131)",59.0,16725.711027559777,Far - Acceptable,38.47,134.0,Excellent - High Frequency,14.0,41.78,123.0,Excellent - High Frequency,30.0,43.54,133,Excellent - High Frequency,38,Extended (1000m),43.54
128,"Location (35.0543, -85.2811)",290.0,13962.038792774112,Optimal Distance,27.71,227.0,Good - Moderate Frequency,2.0,37.4,177.0,Excellent - High Frequency,11.0,43.05,134,Excellent - High Frequency,17,Extended (1000m),43.05
154,"Location (35.0090, -85.3291)",256.0,19614.49139755912,Far - Acceptable,38.55,132.0,Excellent - High Frequency,12.0,40.41,134.0,Excellent - High Frequency,26.0,42.91,135,Excellent - High Frequency,38,Extended (1000m),42.91
120,"Location (35.0456, -85.2590)",297.0,12225.56343242518,Optimal Distance,36.85,155.0,Excellent - High Frequency,19.0,39.92,146.0,Excellent - High Frequency,41.0,42.79,136,Excellent - High Frequency,63,Extended (1000m),42.79
236,"Location (35.0401, -85.2587)",191.0,12383.511625571266,Optimal Distance,38.39,136.0,Excellent - High Frequency,12.0,40.53,132.0,Excellent - High Frequency,31.0,42.78,138,Excellent - High Frequency,45,Extended (1000m),42.78
297,"Location (35.0565, -85.2797)",147.0,13787.75021527356,Optimal Distance,28.83,220.0,Good - Moderate Frequency,3.0,36.22,192.0,Excellent - High Frequency,7.0,42.78,137,Excellent - High Frequency,19,Extended (1000m),42.78
355,"Location (35.0655, -85.3108)",102.0,16488.751324438508,Far - Acceptable,42.77,98.0,Excellent - High Frequency,25.0,42.55,117.0,Excellent - High Frequency,33.0,41.94,148,Excellent - High Frequency,34,Conservative (500m),42.77
176,"Location (35.0433, -85.2582)",235.0,12231.87967147341,Optimal Distance,38.2,141.0,Excellent - High Frequency,12.0,40.89,127.0,Excellent - High Frequency,34.0,42.33,140,Excellent - High Frequency,49,Extended (1000m),42.33
28,"Location (35.0404, -85.3213)",752.0,17860.43358914865,Far - Acceptable,34.06,179.0,Excellent - High Frequency,6.0,37.79,173.0,Excellent - High Frequency,20.0,42.13,141,Excellent - High Frequency,34,Extended (1000m),42.13
444,"Location (35.0226, -85.3200)",53.0,18303.894767335743,Far - Acceptable,33.12,184.0,Excellent - High Frequency,7.0,39.44,151.0,Excellent - High Frequency,26.0,42.1,142,Excellent - High Frequency,41,Extended (1000m),42.1
301,"Location (35.0632, -85.3124)",138.0,16654.233453869983,Far - Acceptable,38.5,133.0,Excellent - High Frequency,17.0,41.08,126.0,Excellent - High Frequency,30.0,42.05,143,Excellent - High Frequency,37,Extended (1000m),42.05
285,"Location (35.0251, -85.3177)",162.0,18011.65856650357,Far - Acceptable,37.27,149.0,Excellent - High Frequency,8.0,37.83,171.0,Excellent - High Frequency,14.0,42.04,144,Excellent - High Frequency,32,Extended (1000m),42.04
133,"Location (35.0580, -85.2772)",285.0,13536.43498529075,Optimal Distance,31.11,205.0,Good - Moderate Frequency,4.0,39.27,155.0,Excellent - High Frequency,10.0,42.03,145,Excellent - High Frequency,22,Extended (1000m),42.03
65,"Location (35.0632, -85.3147)",453.0,16865.957170690413,Far - Acceptable,36.66,157.0,Excellent - High Frequency,9.0,42.0,121.0,Excellent - High Frequency,28.0,41.97,146,Excellent - High Frequency,31,Moderate (800m),42.0
145,"Location (35.0679, -85.3144)",266.0,16800.660302076376,Far - Acceptable,37.85,144.0,Excellent - High Frequency,12.0,40.14,143.0,Excellent - High Frequency,24.0,41.96,147,Excellent - High Frequency,31,Extended (1000m),41.96
198,"Location (35.0546, -85.2827)",218.0,14097.194634948855,Optimal Distance,26.29,233.0,Good - Moderate Frequency,2.0,35.09,205.0,Excellent - High Frequency,8.0,41.82,149,Excellent - High Frequency,19,Extended (1000m),41.82
307,"Location (35.0469, -85.3216)",133.0,17738.398645266854,Far - Acceptable,36.88,154.0,Excellent - High Frequency,11.0,37.26,180.0,Excellent - High Frequency,16.0,41.75,150,Excellent - High Frequency,24,Extended (1000m),41.75
67,"Location (35.0378, -85.2588)",446.0,12478.18452894339,Optimal Distance,34.22,177.0,Excellent - High Frequency,13.0,37.33,179.0,Excellent - High Frequency,28.0,41.66,151,Excellent - High Frequency,48,Extended (1000m),41.66
213,"Location (35.0624, -85.2982)",207.0,15370.97670617565,Far - Acceptable,36.16,160.0,Excellent - High Frequency,7.0,40.32,138.0,Excellent - High Frequency,18.0,41.49,152,Excellent - High Frequency,26,Extended (1000m),41.49
455,"Location (35.0630, -85.3031)",50.0,15816.53309337607,Far - Acceptable,38.94,130.0,Excellent - High Frequency,15.0,40.2,140.0,Excellent - High Frequency,26.0,41.38,153,Excellent - High Frequency,35,Extended (1000m),41.38
142,"Location (35.0196, -85.3137)",274.0,17882.451680494763,Far - Acceptable,32.83,193.0,Excellent - High Frequency,4.0,38.28,166.0,Excellent - High Frequency,23.0,41.34,154,Excellent - High Frequency,35,Extended (1000m),41.34
445,"Location (35.0103, -85.2197)",52.0,10989.04308156252,Optimal Distance,40.16,118.0,Excellent - High Frequency,12.0,40.38,135.0,Excellent - High Frequency,20.0,41.3,155,Excellent - High Frequency,27,Extended (1000m),41.3
420,"Location (35.0127, -85.2288)",65.0,11448.484702196187,Optimal Distance,40.53,112.0,Excellent - High Frequency,12.0,40.61,131.0,Excellent - High Frequency,20.0,41.0,156,Excellent - High Frequency,25,Extended (1000m),41.0
245,"Location (35.0194, -85.2396)",183.0,11817.474982558093,Optimal Distance,40.47,114.0,Excellent - High Frequency,12.0,40.0,144.0,Excellent - High Frequency,18.0,40.98,158,Excellent - High Frequency,25,Extended (1000m),40.98
173,"Location (35.0098, -85.2182)",240.0,10923.318282043329,Optimal Distance,40.18,117.0,Excellent - High Frequency,13.0,40.36,137.0,Excellent - High Frequency,21.0,40.98,157,Excellent - High Frequency,27,Extended (1000m),40.98
91,"Location (35.0241, -85.2913)",356.0,15788.482377443996,Far - Acceptable,33.9,180.0,Excellent - High Frequency,13.0,38.74,160.0,Excellent - High Frequency,35.0,40.91,159,Excellent - High Frequency,50,Extended (1000m),40.91
277,"Location (35.0149, -85.2092)",167.0,9943.447636659916,Optimal Distance,37.69,147.0,Excellent - High Frequency,6.0,39.61,150.0,Excellent - High Frequency,16.0,40.88,160,Excellent - High Frequency,24,Extended (1000m),40.88
54,"Location (35.0093, -85.2136)",496.0,10668.579077980667,Optimal Distance,40.31,116.0,Excellent - High Frequency,12.0,40.67,130.0,Excellent - High Frequency,21.0,40.82,161,Excellent - High Frequency,25,Extended (1000m),40.82
227,"Location (34.9871, -85.2876)",197.0,17454.508944879137,Far - Acceptable,40.8,109.0,Excellent - High Frequency,15.0,39.92,145.0,Excellent - High Frequency,21.0,40.46,164,Excellent - High Frequency,27,Conservative (500m),40.8
261,"Location (35.0224, -85.2433)",176.0,11928.26811832894,Optimal Distance,40.8,110.0,Excellent - High Frequency,13.0,39.83,147.0,Excellent - High Frequency,18.0,40.13,170,Excellent - High Frequency,22,Conservative (500m),40.8
443,"Location (35.0103, -85.2126)",53.0,10524.649308311857,Optimal Distance,39.87,120.0,Excellent - High Frequency,13.0,40.36,136.0,Excellent - High Frequency,22.0,40.59,162,Excellent - High Frequency,26,Extended (1000m),40.59
394,"Location (35.0102, -85.2146)",74.0,10660.60351397197,Optimal Distance,37.78,146.0,Excellent - High Frequency,11.0,40.26,139.0,Excellent - High Frequency,24.0,40.53,163,Excellent - High Frequency,28,Extended (1000m),40.53
349,"Location (35.1020, -85.2747)",106.0,13433.810699797194,Optimal Distance,40.48,113.0,Excellent - High Frequency,13.0,39.2,157.0,Excellent - High Frequency,17.0,39.58,179,Excellent - High Frequency,22,Conservative (500m),40.48
97,"Location (35.0210, -85.2908)",346.0,15882.663851895335,Far - Acceptable,37.41,148.0,Excellent - High Frequency,13.0,37.8,172.0,Excellent - High Frequency,21.0,40.33,165,Excellent - High Frequency,37,Extended (1000m),40.33
315,"Location (35.0109, -85.2239)",125.0,11238.202245081304,Optimal Distance,39.12,126.0,Excellent - High Frequency,12.0,39.73,148.0,Excellent - High Frequency,20.0,40.31,166,Excellent - High Frequency,25,Extended (1000m),40.31
158,"Location (35.0185, -85.2388)",255.0,11810.946270524515,Optimal Distance,39.09,127.0,Excellent - High Frequency,12.0,39.42,152.0,Excellent - High Frequency,19.0,40.29,167,Excellent - High Frequency,25,Extended (1000m),40.29
75,"Location (35.0366, -85.1597)",416.0,5209.900613742207,Near - Marginal,34.83,172.0,Excellent - High Frequency,2.0,37.38,178.0,Excellent - High Frequency,10.0,40.25,168,Excellent - High Frequency,23,Extended (1000m),40.25
378,"Location (35.0167, -85.2357)",88.0,11693.642737458833,Optimal Distance,39.28,125.0,Excellent - High Frequency,11.0,40.15,142.0,Excellent - High Frequency,20.0,40.17,169,Excellent - High Frequency,23,Extended (1000m),40.17
59,"Location (35.0243, -85.2452)",476.0,11974.843702041577,Optimal Distance,39.04,129.0,Excellent - High Frequency,11.0,39.71,149.0,Excellent - High Frequency,19.0,40.05,171,Excellent - High Frequency,23,Extended (1000m),40.05
436,"Location (35.0614, -85.2981)",57.0,15378.775576446165,Far - Acceptable,33.12,185.0,Excellent - High Frequency,7.0,38.18,169.0,Excellent - High Frequency,17.0,39.98,172,Excellent - High Frequency,26,Extended (1000m),39.98
416,"Location (35.0116, -85.2134)",66.0,10477.343419158178,Optimal Distance,36.05,161.0,Excellent - High Frequency,9.0,39.25,156.0,Excellent - High Frequency,22.0,39.95,173,Excellent - High Frequency,27,Extended (1000m),39.95
408,"Location (35.0106, -85.2120)",71.0,10459.300858903674,Optimal Distance,36.79,156.0,Excellent - High Frequency,11.0,38.5,163.0,Excellent - High Frequency,20.0,39.81,174,Excellent - High Frequency,27,Extended (1000m),39.81
127,"Location (35.0068, -85.2108)",291.0,10687.297546426966,Optimal Distance,39.6,122.0,Excellent - High Frequency,10.0,38.95,159.0,Excellent - High Frequency,14.0,39.79,175,Excellent - High Frequency,20,Extended (1000m),39.79
36,"Location (35.0142, -85.2121)",587.0,10189.562171026239,Optimal Distance,35.25,167.0,Excellent - High Frequency,7.0,38.62,162.0,Excellent - High Frequency,19.0,39.66,176,Excellent - High Frequency,25,Extended (1000m),39.66
48,"Location (35.0574, -85.2803)",531.0,13832.775324212795,Optimal Distance,27.84,226.0,Good - Moderate Frequency,3.0,35.25,200.0,Excellent - High Frequency,5.0,39.64,178,Excellent - High Frequency,13,Extended (1000m),39.64
275,"Location (35.0545, -85.3196)",168.0,17422.36661145387,Far - Acceptable,,,,,25.55,260.0,Excellent - High Frequency,5.0,39.64,177,Excellent - High Frequency,40,Conservative (500m),39.64
439,"Location (35.0686, -85.2890)",56.0,14477.474986544785,Optimal Distance,39.6,123.0,Excellent - High Frequency,12.0,39.14,158.0,Excellent - High Frequency,18.0,39.55,180,Excellent - High Frequency,23,Conservative (500m),39.6
85,"Location (35.1065, -85.2718)",388.0,13287.58221223627,Optimal Distance,38.27,140.0,Excellent - High Frequency,9.0,39.34,153.0,Excellent - High Frequency,19.0,39.52,181,Excellent - High Frequency,23,Extended (1000m),39.52
256,"Location (35.0625, -85.2756)",179.0,13327.394721544599,Optimal Distance,28.46,222.0,Good - Moderate Frequency,3.0,29.84,238.0,Good - Moderate Frequency,3.0,39.45,182,Excellent - High Frequency,18,Extended (1000m),39.45
399,"Location (35.0690, -85.2886)",73.0,14443.415070734227,Optimal Distance,38.44,135.0,Excellent - High Frequency,11.0,38.68,161.0,Excellent - High Frequency,18.0,39.18,183,Excellent - High Frequency,23,Extended (1000m),39.18
118,"Location (35.0641, -85.2729)",299.0,13064.058987025759,Optimal Distance,24.8,241.0,Fair - Basic Service,2.0,31.2,231.0,Good - Moderate Frequency,5.0,39.1,184,Excellent - High Frequency,17,Extended (1000m),39.1
374,"Location (35.1132, -85.2641)",88.0,12820.293326134364,Optimal Distance,38.32,138.0,Excellent - High Frequency,10.0,38.41,164.0,Excellent - High Frequency,16.0,38.57,185,Excellent - High Frequency,19,Extended (1000m),38.57
421,"Location (35.0266, -85.2538)",64.0,12555.274696726949,Optimal Distance,37.84,145.0,Excellent - High Frequency,8.0,37.92,170.0,Excellent - High Frequency,12.0,38.56,186,Excellent - High Frequency,16,Extended (1000m),38.56
96,"Location (35.0152, -85.2073)",349.0,9794.010470838497,Optimal Distance,35.14,170.0,Excellent - High Frequency,6.0,37.15,181.0,Excellent - High Frequency,13.0,38.43,187,Excellent - High Frequency,19,Extended (1000m),38.43
178,"Location (35.0213, -85.3238)",234.0,18675.929195071178,Far - Acceptable,30.91,207.0,Excellent - High Frequency,8.0,37.04,183.0,Excellent - High Frequency,26.0,38.38,188,Excellent - High Frequency,32,Extended (1000m),38.38
401,"Location (35.1014, -85.2741)",72.0,13369.787039538222,Optimal Distance,38.18,142.0,Excellent - High Frequency,13.0,37.52,175.0,Excellent - High Frequency,16.0,38.25,189,Excellent - High Frequency,21,Extended (1000m),38.25
38,"Location (35.0084, -85.2163)",564.0,10911.536282753124,Optimal Distance,34.52,174.0,Excellent - High Frequency,13.0,36.24,191.0,Excellent - High Frequency,19.0,38.19,190,Excellent - High Frequency,27,Extended (1000m),38.19
58,"Location (35.0353, -85.1609)",482.0,5385.073552751115,Near - Marginal,31.7,198.0,Excellent - High Frequency,2.0,34.27,211.0,Excellent - High Frequency,6.0,37.99,191,Excellent - High Frequency,20,Extended (1000m),37.99
162,"Location (35.0554, -85.2832)",251.0,14122.512198025344,Optimal Distance,26.29,234.0,Good - Moderate Frequency,2.0,28.44,246.0,Good - Moderate Frequency,3.0,37.95,192,Excellent - High Frequency,12,Extended (1000m),37.95
244,"Location (35.1181, -85.2505)",185.0,11852.18220719251,Optimal Distance,36.52,158.0,Excellent - High Frequency,8.0,37.58,174.0,Excellent - High Frequency,15.0,37.72,193,Excellent - High Frequency,17,Extended (1000m),37.72
214,"Location (35.0229, -85.2482)",206.0,12298.450923569515,Optimal Distance,34.25,176.0,Excellent - High Frequency,10.0,36.75,186.0,Excellent - High Frequency,18.0,37.7,194,Excellent - High Frequency,22,Extended (1000m),37.7
7,"Location (35.0098, -85.2057)",1457.0,10122.094320735687,Optimal Distance,32.59,195.0,Excellent - High Frequency,3.0,36.99,184.0,Excellent - High Frequency,15.0,37.62,196,Excellent - High Frequency,18,Extended (1000m),37.62
302,"Location (35.0072, -85.2079)",138.0,10470.405637369466,Optimal Distance,35.14,169.0,Excellent - High Frequency,8.0,35.94,194.0,Excellent - High Frequency,11.0,37.62,195,Excellent - High Frequency,18,Extended (1000m),37.62
41,"Location (35.0119, -85.2118)",549.0,10348.457393685041,Optimal Distance,33.08,186.0,Excellent - High Frequency,11.0,36.55,188.0,Excellent - High Frequency,21.0,37.58,197,Excellent - High Frequency,25,Extended (1000m),37.58
20,Hixson Plaza,855.0,12692.86383898339,Optimal Distance,36.21,159.0,Excellent - High Frequency,9.0,36.65,187.0,Excellent - High Frequency,13.0,37.54,198,Excellent - High Frequency,18,Extended (1000m),37.54
206,"Location (35.0782, -85.2666)",210.0,12411.93984164174,Optimal Distance,35.58,162.0,Excellent - High Frequency,4.0,36.33,190.0,Excellent - High Frequency,7.0,37.39,199,Excellent - High Frequency,13,Extended (1000m),37.39
95,"Location (35.0369, -85.1581)",350.0,5101.151819356967,Near - Marginal,30.98,206.0,Excellent - High Frequency,3.0,34.65,209.0,Excellent - High Frequency,10.0,37.38,200,Excellent - High Frequency,20,Extended (1000m),37.38
269,"Location (35.0245, -85.3113)",170.0,17485.106873188568,Far - Acceptable,30.54,208.0,Excellent - High Frequency,3.0,35.37,198.0,Excellent - High Frequency,16.0,37.33,201,Excellent - High Frequency,25,Extended (1000m),37.33
266,"Location (35.0807, -85.2638)",174.0,12161.83906663383,Optimal Distance,37.23,150.0,Excellent - High Frequency,6.0,37.11,182.0,Excellent - High Frequency,8.0,37.23,202,Excellent - High Frequency,9,Extended (1000m),37.23
31,"Location (35.0462, -85.3227)",645.0,17859.26257989557,Far - Acceptable,33.04,189.0,Excellent - High Frequency,11.0,34.85,207.0,Excellent - High Frequency,16.0,37.23,203,Excellent - High Frequency,19,Extended (1000m),37.23
231,"Location (35.0061, -85.2141)",193.0,10950.245230460316,Optimal Distance,31.4,204.0,Excellent - High Frequency,7.0,35.64,196.0,Excellent - High Frequency,17.0,37.05,204,Excellent - High Frequency,22,Extended (1000m),37.05
151,"Location (35.1293, -85.2475)",258.0,12135.321891554366,Optimal Distance,34.86,171.0,Excellent - High Frequency,5.0,36.48,189.0,Excellent - High Frequency,11.0,36.82,205,Excellent - High Frequency,13,Extended (1000m),36.82
5,"Location (34.9952, -85.3113)",2097.0,18821.777424536063,Far - Acceptable,30.0,213.0,Excellent - High Frequency,8.0,35.38,197.0,Excellent - High Frequency,22.0,36.71,206,Excellent - High Frequency,27,Extended (1000m),36.71
243,"Location (35.1330, -85.2406)",188.0,11803.274990713064,Optimal Distance,35.46,163.0,Excellent - High Frequency,2.0,36.18,193.0,Excellent - High Frequency,5.0,36.49,207,Excellent - High Frequency,7,Extended (1000m),36.49
126,"Location (35.0871, -85.1891)",292.0,5457.218692976104,Near - Marginal,31.68,199.0,Good - Moderate Frequency,6.0,32.01,225.0,Good - Moderate Frequency,9.0,36.29,208,Excellent - High Frequency,11,Extended (1000m),36.29
210,"Location (35.0323, -85.1595)",207.0,5612.268163857909,Near - Marginal,34.66,173.0,Excellent - High Frequency,2.0,35.68,195.0,Excellent - High Frequency,4.0,36.24,209,Excellent - High Frequency,6,Extended (1000m),36.24
12,"Location (35.0266, -85.1941)",1185.0,8049.539458071221,Optimal Distance,32.84,192.0,Excellent - High Frequency,5.0,35.17,202.0,Excellent - High Frequency,10.0,36.13,210,Excellent - High Frequency,13,Extended (1000m),36.13
365,"Location (35.0652, -85.2739)",95.0,13135.479297649694,Optimal Distance,18.19,247.0,Limited - Minimal Service,1.0,34.18,212.0,Excellent - High Frequency,7.0,36.09,212,Excellent - High Frequency,10,Extended (1000m),36.09
34,"Location (35.1296, -85.2415)",605.0,11679.814236324572,Optimal Distance,34.34,175.0,Excellent - High Frequency,4.0,35.36,199.0,Excellent - High Frequency,7.0,36.09,211,Excellent - High Frequency,10,Extended (1000m),36.09
356,"Location (35.0318, -85.1846)",101.0,7022.89688145134,Near - Marginal,33.7,182.0,Excellent - High Frequency,5.0,35.14,203.0,Excellent - High Frequency,8.0,35.85,213,Excellent - High Frequency,10,Extended (1000m),35.85
202,"Location (35.0730, -85.2366)",214.0,9682.087855690073,Optimal Distance,25.76,237.0,Fair - Basic Service,5.0,30.84,234.0,Good - Moderate Frequency,8.0,35.84,214,Excellent - High Frequency,13,Extended (1000m),35.84
17,"Location (35.0321, -85.1578)",913.0,5561.960860268819,Near - Marginal,33.85,181.0,Excellent - High Frequency,3.0,35.14,204.0,Excellent - High Frequency,5.0,35.82,215,Excellent - High Frequency,7,Extended (1000m),35.82
238,"Location (35.1338, -85.2408)",190.0,11859.667775190463,Optimal Distance,28.95,217.0,Good - Moderate Frequency,1.0,35.18,201.0,Excellent - High Frequency,6.0,35.52,216,Excellent - High Frequency,7,Extended (1000m),35.52
230,"Location (35.1320, -85.2399)",197.0,11693.430679578463,Optimal Distance,32.91,190.0,Excellent - High Frequency,2.0,34.35,210.0,Excellent - High Frequency,4.0,35.23,217,Excellent - High Frequency,7,Extended (1000m),35.23
35,"Location (35.1314, -85.2414)",602.0,11770.766305639338,Optimal Distance,32.02,197.0,Excellent - High Frequency,2.0,33.97,213.0,Excellent - High Frequency,5.0,35.17,218,Excellent - High Frequency,9,Extended (1000m),35.17
423,"Location (35.0323, -85.1858)",63.0,7061.071476816894,Near - Marginal,32.14,196.0,Excellent - High Frequency,4.0,34.77,208.0,Excellent - High Frequency,9.0,35.1,219,Excellent - High Frequency,9,Extended (1000m),35.1
81,"Location (35.0743, -85.1868)",391.0,5134.277190232825,Near - Marginal,32.67,194.0,Excellent - High Frequency,6.0,33.97,214.0,Excellent - High Frequency,8.0,34.85,220,Excellent - High Frequency,11,Extended (1000m),34.85
196,"Location (35.1336, -85.2397)",218.0,11768.734524876905,Optimal Distance,27.84,225.0,Good - Moderate Frequency,1.0,33.79,215.0,Excellent - High Frequency,3.0,34.83,221,Excellent - High Frequency,6,Extended (1000m),34.83
29,"Location (35.0365, -85.1552)",664.0,5012.728347499456,Near - Marginal,30.18,211.0,Excellent - High Frequency,6.0,32.9,220.0,Excellent - High Frequency,9.0,34.34,222,Excellent - High Frequency,12,Extended (1000m),34.34
156,"Location (35.0327, -85.1841)",256.0,6921.977172744164,Near - Marginal,30.38,209.0,Excellent - High Frequency,5.0,33.06,217.0,Excellent - High Frequency,8.0,34.21,223,Excellent - High Frequency,10,Extended (1000m),34.21
82,"Location (35.0981, -85.2447)",390.0,10668.924524613412,Optimal Distance,27.31,229.0,Good - Moderate Frequency,3.0,29.31,241.0,Good - Moderate Frequency,4.0,34.19,224,Excellent - High Frequency,5,Extended (1000m),34.19
115,"Location (35.0331, -85.1567)",306.0,5416.221546708479,Near - Marginal,30.19,210.0,Excellent - High Frequency,3.0,33.14,216.0,Excellent - High Frequency,6.0,34.02,225,Excellent - High Frequency,7,Extended (1000m),34.02
219,"Location (35.0754, -85.2644)",202.0,12207.120358534537,Optimal Distance,23.7,242.0,Good - Moderate Frequency,2.0,32.6,221.0,Excellent - High Frequency,8.0,33.99,226,Excellent - High Frequency,11,Extended (1000m),33.99
90,Highland Plaza,364.0,12767.793759533346,Optimal Distance,31.53,201.0,Excellent - High Frequency,2.0,33.02,218.0,Excellent - High Frequency,2.0,33.83,227,Excellent - High Frequency,3,Extended (1000m),33.83
217,"Location (35.0152, -85.2208)",204.0,10713.627930885033,Optimal Distance,,,,,30.9,233.0,Excellent - High Frequency,17.0,33.79,228,Excellent - High Frequency,24,Conservative (500m),33.79
13,"Location (35.1397, -85.2457)",1164.0,12593.87923343029,Optimal Distance,31.41,203.0,Excellent - High Frequency,2.0,32.95,219.0,Excellent - High Frequency,2.0,33.77,229,Excellent - High Frequency,3,Extended (1000m),33.77
362,"Location (35.0056, -85.2211)",99.0,11438.427933220059,Optimal Distance,,,,,29.54,240.0,Excellent - High Frequency,12.0,33.62,230,Excellent - High Frequency,23,Conservative (500m),33.62
42,"Location (35.0338, -85.1606)",549.0,5512.802843370634,Near - Marginal,28.9,219.0,Excellent - High Frequency,2.0,32.23,222.0,Excellent - High Frequency,5.0,33.53,231,Excellent - High Frequency,7,Extended (1000m),33.53
70,"Location (35.1287, -85.2380)",421.0,11352.004533771475,Optimal Distance,28.8,221.0,Excellent - High Frequency,1.0,32.04,223.0,Excellent - High Frequency,4.0,33.41,232,Excellent - High Frequency,7,Extended (1000m),33.41
187,"Location (35.1345, -85.2393)",225.0,11793.705698179541,Optimal Distance,24.83,240.0,Good - Moderate Frequency,1.0,31.91,226.0,Excellent - High Frequency,3.0,33.34,233,Excellent - High Frequency,6,Extended (1000m),33.34
10,"Location (35.0348, -85.1568)",1257.0,5249.99127523449,Near - Marginal,28.28,223.0,Excellent - High Frequency,5.0,31.46,228.0,Excellent - High Frequency,7.0,33.18,234,Excellent - High Frequency,10,Extended (1000m),33.18
86,"Location (35.1268, -85.2384)",379.0,11284.862676867533,Optimal Distance,27.05,231.0,Excellent - High Frequency,1.0,31.12,232.0,Excellent - High Frequency,5.0,33.12,235,Excellent - High Frequency,10,Extended (1000m),33.12
16,"Location (35.1371, -85.2424)",985.0,12191.700807045909,Optimal Distance,29.56,215.0,Excellent - High Frequency,2.0,32.02,224.0,Excellent - High Frequency,3.0,33.11,236,Excellent - High Frequency,4,Extended (1000m),33.11
376,"Location (35.0964, -85.2532)",88.0,11394.525841731122,Optimal Distance,24.97,238.0,Good - Moderate Frequency,3.0,27.85,248.0,Good - Moderate Frequency,4.0,33.04,238,Excellent - High Frequency,5,Extended (1000m),33.04
303,"Location (35.0959, -85.2549)",138.0,11535.472456274978,Optimal Distance,24.97,239.0,Good - Moderate Frequency,3.0,27.83,249.0,Good - Moderate Frequency,4.0,33.04,237,Excellent - High Frequency,5,Extended (1000m),33.04
49,"Location (35.1323, -85.2382)",516.0,11577.988512018781,Optimal Distance,28.91,218.0,Excellent - High Frequency,2.0,31.38,229.0,Excellent - High Frequency,2.0,32.92,239,Excellent - High Frequency,5,Extended (1000m),32.92
195,"Location (35.1310, -85.2387)",218.0,11537.731296544687,Optimal Distance,27.96,224.0,Excellent - High Frequency,2.0,31.25,230.0,Excellent - High Frequency,4.0,32.6,240,Excellent - High Frequency,6,Extended (1000m),32.6
47,"Location (35.1304, -85.2379)",534.0,11438.144834532799,Optimal Distance,27.32,228.0,Excellent - High Frequency,2.0,30.38,236.0,Excellent - High Frequency,2.0,32.09,241,Excellent - High Frequency,5,Extended (1000m),32.09
57,"Location (35.1355, -85.2454)",487.0,12323.355336348768,Optimal Distance,26.12,235.0,Excellent - High Frequency,2.0,30.33,237.0,Excellent - High Frequency,5.0,31.94,242,Excellent - High Frequency,7,Extended (1000m),31.94
15,"Location (35.1343, -85.2443)",999.0,12168.104799504843,Optimal Distance,26.06,236.0,Excellent - High Frequency,2.0,30.6,235.0,Excellent - High Frequency,6.0,31.91,243,Excellent - High Frequency,7,Extended (1000m),31.91
250,"Location (35.0055, -85.2228)",180.0,11565.609490025465,Optimal Distance,,,,,29.12,242.0,Excellent - High Frequency,13.0,31.87,244,Excellent - High Frequency,18,Conservative (500m),31.87
218,"Location (35.1003, -85.2398)",203.0,10292.807598783485,Optimal Distance,30.05,212.0,Good - Moderate Frequency,3.0,31.61,227.0,Good - Moderate Frequency,4.0,31.85,245,Good - Moderate Frequency,4,Extended (1000m),31.85
98,"Location (35.1246, -85.2392)",342.0,11229.39560924146,Optimal Distance,21.45,245.0,Excellent - High Frequency,1.0,27.61,250.0,Excellent - High Frequency,5.0,30.93,246,Excellent - High Frequency,13,Extended (1000m),30.93
166,"Location (35.1325, -85.2367)",248.0,11471.784594175695,Optimal Distance,20.19,246.0,Good - Moderate Frequency,1.0,28.77,244.0,Excellent - High Frequency,2.0,30.86,247,Excellent - High Frequency,5,Extended (1000m),30.86
2,"Location (35.1132, -85.2471)",3190.0,11364.192388386673,Optimal Distance,17.61,248.0,Good - Moderate Frequency,1.0,28.23,247.0,Excellent - High Frequency,7.0,30.67,248,Excellent - High Frequency,11,Extended (1000m),30.67
258,"Location (35.0114, -85.2393)",178.0,12299.5652353923,Optimal Distance,,,,,26.47,253.0,Excellent - High Frequency,9.0,30.45,249,Excellent - High Frequency,17,Conservative (500m),30.45
53,"Location (35.0985, -85.2375)",497.0,10038.740364563904,Optimal Distance,26.95,232.0,Good - Moderate Frequency,3.0,29.66,239.0,Good - Moderate Frequency,4.0,30.32,250,Good - Moderate Frequency,4,Extended (1000m),30.32
46,"Location (35.1015, -85.2385)",534.0,10209.529541382672,Optimal Distance,22.15,244.0,Fair - Basic Service,1.0,28.55,245.0,Good - Moderate Frequency,3.0,30.26,251,Good - Moderate Frequency,4,Extended (1000m),30.26
293,"Location (35.1237, -85.2408)",152.0,11308.579966236304,Optimal Distance,,,,,27.6,251.0,Excellent - High Frequency,12.0,29.83,252,Excellent - High Frequency,14,Conservative (500m),29.83
72,"Location (35.0985, -85.2411)",420.0,10359.342609290978,Optimal Distance,27.18,230.0,Good - Moderate Frequency,4.0,29.01,243.0,Good - Moderate Frequency,4.0,29.81,253,Good - Moderate Frequency,4,Extended (1000m),29.81
289,"Location (35.0289, -85.2417)",156.0,11455.444428735049,Optimal Distance,,,,,25.89,256.0,Excellent - High Frequency,10.0,29.53,254,Excellent - High Frequency,16,Conservative (500m),29.53
161,Cell Waiting Lot,252.0,7831.405716430047,Near - Marginal,,,,,25.56,259.0,Excellent - High Frequency,5.0,28.98,255,Excellent - High Frequency,10,Conservative (500m),28.98
359,"Location (35.0308, -85.1743)",100.0,6488.098468502101,Near - Marginal,,,,,26.33,254.0,Excellent - High Frequency,5.0,28.87,256,Excellent - High Frequency,7,Conservative (500m),28.87
84,"Location (35.0810, -85.2970)",389.0,15187.833946564699,Far - Acceptable,,,,,25.6,258.0,Excellent - High Frequency,8.0,28.6,257,Excellent - High Frequency,12,Conservative (500m),28.6
148,"Location (35.1304, -85.2352)",262.0,11235.591515982102,Optimal Distance,,,,,26.22,255.0,Excellent - High Frequency,2.0,28.29,258,Excellent - High Frequency,2,Conservative (500m),28.29
233,"Location (35.1246, -85.2368)",192.0,11037.288072366136,Optimal Distance,,,,,24.82,262.0,Excellent - High Frequency,1.0,28.27,259,Excellent - High Frequency,7,Conservative (500m),28.27
32,"Location (35.1319, -85.2351)",617.0,11312.886276345926,Optimal Distance,,,,,25.84,257.0,Excellent - High Frequency,2.0,27.98,260,Excellent - High Frequency,2,Conservative (500m),27.98
441,"Location (35.1225, -85.2404)",53.0,11216.237747657638,Optimal Distance,,,,,24.73,263.0,Excellent - High Frequency,10.0,27.94,261,Excellent - High Frequency,14,Conservative (500m),27.94
144,"Location (35.0997, -85.2429)",266.0,10546.21739821448,Optimal Distance,23.37,243.0,Good - Moderate Frequency,4.0,26.62,252.0,Good - Moderate Frequency,4.0,27.93,262,Good - Moderate Frequency,4,Extended (1000m),27.93
138,"Location (35.0630, -85.3218)",280.0,17513.336903520536,Far - Acceptable,,,,,23.82,266.0,Excellent - High Frequency,4.0,27.25,263,Excellent - High Frequency,9,Conservative (500m),27.25
201,"Location (35.0287, -85.2010)",214.0,8362.941929626348,Optimal Distance,,,,,23.94,264.0,Excellent - High Frequency,6.0,27.24,264,Excellent - High Frequency,9,Conservative (500m),27.24
123,"Location (35.0117, -85.2427)",294.0,12527.047720566086,Optimal Distance,,,,,22.38,269.0,Excellent - High Frequency,4.0,27.18,265,Excellent - High Frequency,12,Conservative (500m),27.18
183,"Location (35.0733, -85.1997)",229.0,6321.051118763003,Near - Marginal,17.3,249.0,Fair - Basic Service,2.0,25.3,261.0,Good - Moderate Frequency,3.0,27.0,266,Good - Moderate Frequency,5,Extended (1000m),27.0
93,"Location (35.0978, -85.2685)",353.0,12789.157417632921,Optimal Distance,,,,,22.51,268.0,Excellent - High Frequency,5.0,26.91,267,Excellent - High Frequency,13,Conservative (500m),26.91
311,"Location (35.0609, -85.3222)",131.0,17566.642525732477,Far - Acceptable,,,,,22.51,267.0,Excellent - High Frequency,2.0,25.86,268,Excellent - High Frequency,5,Conservative (500m),25.86
37,"Location (35.1008, -85.2344)",577.0,9828.951655446512,Optimal Distance,14.75,250.0,Fair - Basic Service,1.0,23.91,265.0,Good - Moderate Frequency,3.0,25.61,269,Good - Moderate Frequency,3,Extended (1000m),25.61
384,"Location (35.1421, -85.2378)",86.0,12155.829613041476,Optimal Distance,,,,,18.41,270.0,Good - Moderate Frequency,1.0,25.46,270,Excellent - High Frequency,2,Conservative (500m),25.46
354,"Location (35.0058, -85.2325)",102.0,12198.095708150671,Optimal Distance,,,,,,,,,25.4,271,Excellent - High Frequency,12,Conservative (500m),25.4
134,CCA lot,283.0,15699.55344386791,Far - Acceptable,,,,,17.53,271.0,Good - Moderate Frequency,1.0,24.74,272,Excellent - High Frequency,2,Conservative (500m),24.74
4,"Location (35.0168, -85.2999)",2101.0,16831.13678409337,Far - Acceptable,,,,,,,,,24.68,273,Excellent - High Frequency,12,Conservative (500m),24.68
122,"Location (35.1434, -85.2381)",294.0,12268.010550134717,Optimal Distance,,,,,17.08,272.0,Good - Moderate Frequency,1.0,24.42,274,Excellent - High Frequency,2,Conservative (500m),24.42
366,"Location (35.1449, -85.2405)",95.0,12542.848434162248,Optimal Distance,,,,,17.07,273.0,Good - Moderate Frequency,1.0,24.4,275,Excellent - High Frequency,2,Conservative (500m),24.4
26,"Location (35.1160, -85.2772)",786.0,14055.149087703587,Optimal Distance,,,,,,,,,23.89,276,Excellent - High Frequency,6,Conservative (500m),23.89
229,Oakwood Baptist Church Parking Lot,197.0,6615.814407029805,Near - Marginal,,,,,15.25,276.0,Fair - Basic Service,3.0,22.07,277,Good - Moderate Frequency,4,Conservative (500m),22.07
343,"Location (35.0770, -85.2041)",108.0,6710.698768889545,Near - Marginal,,,,,9.37,277.0,Limited - Minimal Service,2.0,21.01,278,Good - Moderate Frequency,6,Conservative (500m),21.01
257,"Location (35.0748, -85.2029)",178.0,6602.972725072853,Near - Marginal,,,,,16.25,274.0,Fair - Basic Service,2.0,18.72,279,Fair - Basic Service,2,Conservative (500m),18.72
181,"Location (35.1450, -85.2380)",229.0,12369.750211654045,Optimal Distance,,,,,,,,,18.1,280,Good - Moderate Frequency,1,Conservative (500m),18.1
188,"Location (35.1420, -85.2350)",225.0,11942.771881321734,Optimal Distance,,,,,,,,,17.9,281,Good - Moderate Frequency,1,Conservative (500m),17.9
324,"Location (35.0912, -85.2237)",117.0,8635.993054030803,Optimal Distance,10.6,251.0,Limited - Minimal Service,1.0,15.46,275.0,Limited - Minimal Service,1.0,17.25,282,Limited - Minimal Service,1,Extended (1000m),17.25
14,"Location (35.1466, -85.2510)",1085.0,13425.069605091669,Optimal Distance,,,,,,,,,17.02,283,Good - Moderate Frequency,1,Conservative (500m),17.02
438,"Location (35.1021, -85.2307)",56.0,9544.66353434196,Optimal Distance,,,,,,,,,15.83,284,Fair - Basic Service,1,Conservative (500m),15.83
234,"Location (35.1073, -85.2372)",191.0,10293.659366842465,Optimal Distance,,,,,,,,,15.07,285,Fair - Basic Service,1,Conservative (500m),15.07
139,"Location (35.1081, -85.2368)",278.0,10281.217281283522,Optimal Distance,,,,,,,,,13.69,286,Fair - Basic Service,1,Conservative (500m),13.69
94,"Location (35.0958, -85.2230)",351.0,8686.830403585926,Optimal Distance,,,,,,,,,11.33,287,Limited - Minimal Service,1,Conservative (500m),11.33
192,"Location (35.0966, -85.2197)",220.0,8416.608636560028,Optimal Distance,,,,,,,,,10.65,288,Limited - Minimal Service,1,Conservative (500m),10.65
